sa2_code_2021,median_weekly_rent,uni_share,uni_students,total_students,overseas_share,p_australia_tot,p_tot_tot,intl_student_proxy,suburb
201011001,370,0.14125087842586087,804,5692,0.1875853875853876,13677,16835,0.026496600776291575,SA2_201011001
201011002,313,0.20395653385344106,732,3589,0.1813535570027203,9931,12131,0.03698824288826728,SA2_201011002
201011005,330,0.1697019867549669,410,2416,0.14268007161547996,6225,7261,0.02421309162348791,SA2_201011005
201011006,360,0.13867248363976317,445,3209,0.15195572647969233,9041,10661,0.021072077994223462,SA2_201011006
201011007,350,0.08716323296354993,110,1262,0.10023640661938535,3806,4230,0.008736929261594603,SA2_201011007
201011008,260,0.08972340903980211,399,4447,0.15215548164090523,13000,15333,0.01365190851691504,SA2_201011008
201011481,288,0.16219369894982497,417,2571,0.1550923537302652,8188,9691,0.025155002530346398,SA2_201011481
201011482,300,0.14265060240963856,592,4150,0.12922033898305085,12844,14750,0.018433359199509905,SA2_201011482
201011483,295,0.16844919786096257,630,3740,0.18200408997955012,10000,12225,0.030658442964469672,SA2_201011483
201011484,260,0.12145196506550218,445,3664,0.1759896072138163,10783,13086,0.021374283627223867,SA2_201011484
201021009,330,0.09192944949225014,172,1871,0.19911571885958226,5253,6559,0.018304598420015045,SA2_201021009
201021010,250,0.07580720636406177,162,2137,0.18045763760049474,6626,8085,0.013679989373551778,SA2_201021010
201021011,330,0.09289176090468497,230,2476,0.24630838774485184,7503,9955,0.022880019863213214,SA2_201021011
201021012,270,0.08627038400841662,164,1901,0.18392969240426868,5200,6372,0.01586768519426621,SA2_201021012
201031013,200,0.05843439911797133,53,907,0.19648924122310304,2838,3532,0.011481730744018148,SA2_201031013
201031014,218,0.050700466977985324,76,1499,0.18992248062015504,3762,4644,0.009629158457059228,SA2_201031014
201031015,250,0.07358093903293624,105,1427,0.17368205966489578,4044,4894,0.01277968904331749,SA2_201031015
201031016,240,0.0577319587628866,112,1940,0.15637254901960784,6884,8160,0.009027693551647464,SA2_201031016
201031017,200,0.04628330995792426,66,1426,0.20865001809627218,4373,5526,0.009657013460276271,SA2_201031017
202011018,280,0.1335110249575963,551,4127,0.18608078236988412,12151,14929,0.02484383597911465,SA2_202011018
202011019,280,0.07626416137054436,276,3619,0.14835122403274384,11028,12949,0.011313881689150955,SA2_202011019
202011020,295,0.15773968934118907,589,3734,0.1647841006577066,11683,13988,0.02599299284611387,SA2_202011020
202011021,290,0.218436873747495,654,2994,0.14284200487443044,8089,9437,0.031201960984595024,SA2_202011021
202011022,290,0.087248322147651,494,5662,0.16295205056313264,17614,21043,0.014217293002152511,SA2_202011022
202011023,380,0.08579545454545455,151,1760,0.08408843783979703,5054,5518,0.007214405746482586,SA2_202011023
202011024,400,0.10099857346647646,354,3505,0.11773486332680287,9457,10719,0.011891053243277666,SA2_202011024
202011025,330,0.08400718778077268,374,4452,0.14640730998200194,12331,14446,0.012299266382135831,SA2_202011025
202021026,320,0.08399366085578447,212,2524,0.12416107382550336,7308,8344,0.010428743126389348,SA2_202021026
202021027,310,0.08921399885255307,311,3486,0.20022903453136012,9079,11352,0.017863232856928573,SA2_202021027
202021028,280,0.0910267471958585,211,2318,0.1886178861788618,7485,9225,0.017169272641820468,SA2_202021028
202021029,260,0.049429657794676805,65,1315,0.22718293164757014,3912,5062,0.011229574568130844,SA2_202021029
202021030,351,0.09805924412665985,288,2937,0.21122893391403144,8331,10562,0.02071294959729011,SA2_202021030
202021031,392,0.10834371108343711,261,2409,0.20870549754686124,6290,7949,0.022611928127742126,SA2_202021031
202031032,230,0.06589673913043478,97,1472,0.16234292663153627,4133,4934,0.010697869485909658,SA2_202031032
202031033,170,0.04541015625,93,2048,0.2053779667992866,5792,7289,0.009326245562662917,SA2_202031033
203011034,386,0.07589461266220998,193,2543,0.13154500902759866,6734,7754,0.009983557507796515,SA2_203011034
203011035,308,0.0742393509127789,183,2465,0.16113919368758475,6804,8111,0.011962869145974851,SA2_203011035
203011036,300,0.0889348500517063,172,1934,0.15436951920169337,5593,6614,0.013728830042756596,SA2_203011036
203021037,350,0.20722610722610724,889,4290,0.21042818139441966,11857,15017,0.04360621288103475,SA2_203021037
203021039,340,0.2841057868551977,1085,3819,0.2346712085308057,10335,13504,0.06667144835190474,SA2_203021039
203021040,335,0.18902027027027027,1119,5920,0.19099056603773584,17151,21200,0.03610108841152473,SA2_203021040
203021042,365,0.27174579806158755,2215,8151,0.2188150120662395,18775,24034,0.05946206008179616,SA2_203021042
203021043,370,0.09157724533294134,623,6803,0.20781092376423116,16491,20817,0.019030751948422166,SA2_203021043
203021044,375,0.11108056090184218,404,3637,0.1675708257986739,11048,13272,0.018613861320501583,SA2_203021044
203021045,300,0.09979838709677419,396,3968,0.21193894709610658,12185,15462,0.02115116508317999,SA2_203021045
203021046,360,0.17408536585365852,571,3280,0.1777884155098133,8588,10445,0.03095036135856811,SA2_203021046
203021047,340,0.13136209403780902,542,4126,0.32681228236783794,10633,15795,0.042930745769114924,SA2_203021047
203021485,420,0.20107418596844578,599,2979,0.21970873786407766,8037,10300,0.044177755616174055,SA2_203021485
203021486,280,0.08103975535168195,477,5886,0.3298226466575716,12281,18325,0.026728746594573843,SA2_203021486
203021487,390,0.2026990185387132,1487,7336,0.21556354238177927,19425,24763,0.043694518473514965,SA2_203021487
203021488,254,0.07048940832724616,193,2738,0.3689095127610209,5712,9051,0.02600421328081703,SA2_203021488
203031048,380,0.11310216430067489,486,4297,0.18699767815681373,13656,16797,0.021149842118736672,SA2_203031048
203031049,390,0.13994743758212877,213,1522,0.19136990696182227,5041,6234,0.02678172810963741,SA2_203031049
203031051,340,0.08187134502923976,168,2052,0.24150587248322147,7233,9536,0.019772410612661405,SA2_203031051
203031052,400,0.125,150,1200,0.18155462946185905,4517,5519,0.02269432868273238,SA2_203031052
203031053,500,0.13034491667743187,1009,7741,0.1695858901938473,20434,24607,0.022104658726985135,SA2_203031053
203031489,420,0.1424449108079748,543,3812,0.19174093355686933,9160,11333,0.027312520178746077,SA2_203031489
203031490,420,0.11458895484799424,637,5559,0.16190574404454985,16254,19394,0.018552609993951835,SA2_203031490
204011054,250,0.07269279393173199,115,1582,0.19537199765670768,5494,6828,0.014202136365689877,SA2_204011054
204011055,250,0.05459610027855153,98,1795,0.19575267263796592,5567,6922,0.010687332545136858,SA2_204011055
204011056,330,0.08966732760519938,407,4539,0.17297436226948532,12871,15563,0.01551014880891838,SA2_204011056
204011057,320,0.04926590538336052,151,3065,0.20414566891699154,8370,10517,0.010057421209287348,SA2_204011057
204011058,285,0.05509641873278237,60,1089,0.19594445668944235,3648,4537,0.010795837834129055,SA2_204011058
204011059,250,0.06232914160743576,114,1829,0.2056629623991475,5218,6569,0.0128187959067812,SA2_204011059
204011060,265,0.10091047040971168,133,1318,0.18342303552206674,3793,4645,0.01850930479850901,SA2_204011060
204011061,260,0.0,0,87,0.2647058823529412,175,238,0.0,SA2_204011061
204011062,300,0.050434782608695654,58,1150,0.2415112386417982,3172,4182,0.01218056681845591,SA2_204011062
204021063,250,0.05590994371482176,149,2665,0.18628719275549807,8806,10822,0.010415306461752049,SA2_204021063
204021064,220,0.03946002076843198,38,963,0.1708542713567839,3135,3781,0.006741913096114007,SA2_204021064
204021065,243,0.06622516556291391,70,1057,0.11860637509266123,3567,4047,0.00785472682732856,SA2_204021065
204021066,260,0.07630597014925374,409,5360,0.15712704959259632,16758,19882,0.011989731955852966,SA2_204021066
204021067,250,0.05858208955223881,157,2680,0.14760705289672543,8460,9925,0.00864712959133802,SA2_204021067
204031068,300,0.07296137339055794,102,1398,0.1712795828319294,4132,4986,0.012496793597179399,SA2_204031068
204031069,298,0.08730476571886263,218,2497,0.23374143547118947,6822,8903,0.020406741262602845,SA2_204031069
204031070,260,0.06526806526806526,56,858,0.15954773869346733,2676,3184,0.010413372222417448,SA2_204031070
204031071,250,0.08530405405405406,101,1184,0.20273972602739726,3783,4745,0.017294520547945207,SA2_204031071
204031072,210,0.05263157894736842,86,1634,0.17817947062621045,5092,6196,0.009377866875063708,SA2_204031072
204031073,290,0.07542632269348491,345,4574,0.15029877890361132,13082,15396,0.01133648419802053,SA2_204031073
204031075,280,0.0754017305315204,122,1618,0.14307603907297453,4474,5221,0.01078818094369771,SA2_204031075
204031491,385,0.08713010803193988,371,4258,0.14501486930662075,10925,12778,0.012635161228923508,SA2_204031491
204031492,260,0.07596425211665099,323,4252,0.1931441453388145,12169,15082,0.014672050551372785,SA2_204031492
205011076,330,0.08134567461730154,457,5618,0.1801952156981743,16210,19773,0.014658101383778151,SA2_205011076
205011077,250,0.07196969696969698,133,1848,0.1798025816249051,5401,6585,0.012940337313913626,SA2_205011077
205011078,300,0.08618504435994931,204,2367,0.16933556405353728,6951,8368,0.014594193099671148,SA2_205011078
205011079,320,0.10547417116422514,684,6485,0.1873671424233222,18732,23051,0.019762394050509235,SA2_205011079
205021081,280,0.05864197530864197,247,4212,0.18802601377199693,12735,15684,0.01102621685699982,SA2_205021081
205021082,250,0.048604860486048604,108,2222,0.17575392038600723,6833,8290,0.008542494780237974,SA2_205021082
205021084,270,0.04673913043478261,129,2760,0.23118953780007165,8583,11164,0.010805597962394654,SA2_205021084
205021085,190,0.050662061024755324,88,1737,0.22000891928051136,5247,6727,0.011146105294579736,SA2_205021085
205021086,310,0.061708860759493674,78,1264,0.2162820696574459,5468,6977,0.01334652012126644,SA2_205021086
205031087,250,0.05854084753167322,134,2289,0.219987296210036,7368,9446,0.01287824276633675,SA2_205031087
205031088,346,0.0,0,31,0.26618705035971224,102,139,0.0,SA2_205031088
205031089,280,0.06177606177606178,160,2590,0.17831741515952043,8087,9842,0.011015747654642189,SA2_205031089
205031090,270,0.06367271608735774,207,3251,0.1785776386715354,9448,11502,0.01137052328668343,SA2_205031090
205031091,330,0.07578659370725034,277,3655,0.25371403724907604,10298,13799,0.019228122658821904,SA2_205031091
205031092,100,0.0,0,5,0.25,12,16,0.0,SA2_205031092
205031093,298,0.07271885132005558,471,6477,0.2135712152881457,21070,26792,0.015530653450782249,SA2_205031093
205041094,230,0.10443864229765012,360,3447,0.18451981195433176,9714,11912,0.01927099863752812,SA2_205041094
205041095,210,0.06281352235550709,288,4585,0.21178647851483431,13629,17291,0.013303054702785668,SA2_205041095
205041096,215,0.06308851224105462,268,4248,0.2795177383592018,10398,14432,0.017634358258066404,SA2_205041096
205041098,250,0.07158836689038031,96,1341,0.13490545995326111,4072,4707,0.009657661562649566,SA2_205041098
205041493,250,0.09557522123893805,324,3390,0.19525,9657,12000,0.018661061946902657,SA2_205041493
205041494,300,0.10433884297520661,505,4840,0.17988348591130662,13796,16822,0.018768834790332613,SA2_205041494
205051099,20,0.0,0,9,0.391304347826087,14,23,0.0,SA2_205051099
205051100,200,0.07544006705783739,90,1193,0.21281790437436418,3869,4915,0.016054996977110457,SA2_205051100
205051101,250,0.05779504613890238,238,4118,0.1604093250203307,12389,14756,0.0092708643406602,SA2_205051101
205051102,236,0.03471882640586797,71,2045,0.2226055194805195,3831,4928,0.007728602387832217,SA2_205051102
205051103,280,0.09135172733596104,394,4313,0.185674138945167,12460,15301,0.01696165331425824,SA2_205051103
205051104,240,0.04113687359760658,55,1337,0.2094558429973238,4431,5605,0.008616358537661038,SA2_205051104
206011106,421,0.4185303514376997,1441,3443,0.3403203014601978,8403,12738,0.14243437537152048,SA2_206011106
206011107,365,0.3283325135268077,1335,4066,0.33468361503003213,9526,14318,0.10988751255904892,SA2_206011107
206011109,421,0.20166720102596986,629,3119,0.2539942252165544,7751,10390,0.05122230447618234,SA2_206011109
206011495,431,0.40389648153533003,1389,3439,0.33328161365399533,8594,12890,0.1346112711152659,SA2_206011495
206011496,450,0.44337979094076657,1527,3444,0.33682507894939534,8610,12983,0.1493414330881901,SA2_206011496
206011497,416,0.3129059587687094,1108,3541,0.36067012365376944,8014,12535,0.1128558308411117,SA2_206011497
206011498,450,0.23513379583746283,949,4036,0.30076259710640724,9811,14031,0.07071945110356305,SA2_206011498
206021110,381,0.27486910994764396,735,2674,0.25583722481654436,6693,8994,0.07032175027679884,SA2_206021110
206021112,396,0.27341105678826627,1454,5318,0.2952058776890956,13334,18919,0.08071255098908331,SA2_206021112
206021499,461,0.2681359044995409,1168,4356,0.2735598619591187,10946,15068,0.07335122102117783,SA2_206021499
206021500,490,0.2813342318059299,835,2968,0.2821633168268764,7393,10299,0.0793821999833025,SA2_206021500
206031113,370,0.21692439862542956,1010,4656,0.32749654400631956,10216,15191,0.0710419908604774,SA2_206031113
206031115,324,0.28774928774928776,808,2808,0.4410369553226696,5067,9065,0.12690806976521263,SA2_206031115
206031116,400,0.26859122401847574,1163,4330,0.3141025641025641,11128,16224,0.08436519215964942,SA2_206031116
206031501,382,0.22678683714106057,1082,4771,0.26567759630968707,11780,16042,0.06025218176631344,SA2_206031501
206031502,371,0.25874125874125875,888,3432,0.2925108686736117,8625,12191,0.07568463035610933,SA2_206031502
206041117,365,0.6303535856573705,5063,8032,0.6137496247373161,6433,16655,0.3868792766490328,SA2_206041117
206041118,411,0.3550397592950784,1652,4653,0.703027173562254,4601,15493,0.24960259847944197,SA2_206041118
206041119,480,0.3761105626850938,381,1013,0.3278186274509804,3291,4896,0.12329604842924337,SA2_206041119
206041120,401,0.7391304347826086,17,23,0.45454545454545453,42,77,0.33596837944664026,SA2_206041120
206041121,416,0.31994689678061733,964,3013,0.3469520707305724,7017,10745,0.11100623836185589,SA2_206041121
206041124,396,0.7053831874834261,2660,3771,0.42757297519528575,4177,7297,0.30160278812502256,SA2_206041124
206041125,457,0.24388789505068575,409,1677,0.4088432196792776,3797,6423,0.09971191225332413,SA2_206041125
206041503,375,0.4275895925380461,1742,4074,0.6934402924451666,3019,9848,0.2965078520960923,SA2_206041503
206041504,361,0.5691165059306064,5134,9021,0.8390041493775934,2716,16870,0.47749110995505645,SA2_206041504
206041505,376,0.4381849050779441,2839,6479,0.7731978527607362,3549,15648,0.33880362771843336,SA2_206041505
206041506,381,0.4107488702388638,2545,6196,0.5116710366438575,7636,15637,0.21016830023541275,SA2_206041506
206041508,430,0.3559133814547474,641,1801,0.6483057403682501,2273,6463,0.2307406882709874,SA2_206041508
206041509,408,0.44504612916165265,2219,4986,0.675051239053475,5232,16101,0.3004289409265265,SA2_206041509
206041510,390,0.4033519553072626,1083,2685,0.5891753961858716,3059,7446,0.2376450480705024,SA2_206041510
206051128,493,0.2413711021185432,1014,4201,0.3849605055292259,9733,15825,0.0929183414917008,SA2_206051128
206051129,415,0.23578050613881232,941,3991,0.3223107031988123,10042,14818,0.07599458073417248,SA2_206051129
206051130,522,0.17286382664368383,702,4061,0.3433794466403162,10632,16192,0.0593578851370357,SA2_206051130
206051134,384,0.27931722456218133,1260,4511,0.3796875988111048,9809,15813,0.10605328630059678,SA2_206051134
206051511,585,0.22135007849293564,141,637,0.5799685369690614,801,1907,0.1283760811815348,SA2_206051511
206051512,421,0.2516254876462939,774,3076,0.4069101171641153,6935,11693,0.10238895665963109,SA2_206051512
206051513,381,0.27241847826086957,802,2944,0.4571982794973433,6436,11857,0.12454925956415398,SA2_206051513
206051514,392,0.24119947848761408,925,3835,0.4606003752345216,7475,13858,0.11109657029776596,SA2_206051514
206061135,421,0.2982456140350877,714,2394,0.3273350471293916,6280,9336,0.09762624212630977,SA2_206061135
206061136,421,0.3535777385159011,1601,4528,0.36618023955227785,12118,19119,0.12947318099010532,SA2_206061136
206061138,490,0.2779955207166853,993,3572,0.3711881417432255,8145,12953,0.10318864074776678,SA2_206061138
206061515,426,0.43267678398450116,1340,3097,0.5000893495353824,5595,11192,0.21637705146187036,SA2_206061515
206061516,395,0.3272196748645269,785,2399,0.4246906127377,5718,9939,0.1389671242180469,SA2_206061516
206071139,425,0.3654441007512152,827,2263,0.39403609154929575,5507,9088,0.14399816513975588,SA2_206071139
206071140,541,0.43089074155331286,982,2279,0.26105546054238943,6049,8186,0.11248638097965179,SA2_206071140
206071141,425,0.3371996685998343,814,2414,0.41616733849003157,5359,9179,0.1403314886209137,SA2_206071141
206071142,451,0.3125,910,2912,0.39746908254242164,6285,10431,0.12420908829450676,SA2_206071142
206071143,481,0.34138625251653726,1187,3477,0.28925749158907754,9084,12781,0.09874853106592897,SA2_206071143
206071145,500,0.27196500182282174,746,2743,0.2510400811770675,7381,9855,0.06827411613492249,SA2_206071145
206071517,508,0.3438170121515368,1443,4197,0.2824967460811499,12679,17671,0.09712718718015233,SA2_206071517
206071518,400,0.3322928490351873,1171,3524,0.4256868825268623,7964,13867,0.14145270699175816,SA2_206071518
207011146,455,0.21467181467181468,556,2590,0.307092555331992,5510,7952,0.06592411612532338,SA2_207011146
207011147,461,0.2551416375630578,1315,5154,0.47027160799356554,8562,16163,0.1199858681628907,SA2_207011147
207011148,554,0.23165647581989995,1667,7196,0.4576054537707712,11457,21123,0.10600726673650301,SA2_207011148
207011149,490,0.2653828794945088,1764,6647,0.3398172569706104,14017,21232,0.09018168215678601,SA2_207011149
207011150,522,0.24306688417618272,1341,5517,0.29039158595281955,11942,16829,0.070584577988532,SA2_207011150
207011152,411,0.3051524710830705,1451,4755,0.3418770721754654,10322,15684,0.1043246333809885,SA2_207011152
207011154,466,0.24293243890752275,507,2087,0.30345572354211664,4515,6482,0.07371923902053336,SA2_207011154
207011155,475,0.2487936691758348,1289,5181,0.3102107375815354,10998,15944,0.07717846762065221,SA2_207011155
207011519,401,0.37069753274444106,1217,3283,0.2885743174924166,7036,9890,0.10697378750784982,SA2_207011519
207011520,400,0.38393574297188754,1434,3735,0.34640796186334366,7815,11957,0.13299839820938014,SA2_207011520
207011521,501,0.2849519743863394,1068,3748,0.3293681579174209,7780,11601,0.09385410689856072,SA2_207011521
207011522,456,0.25119077463023315,1002,3989,0.3455019556714472,8534,13039,0.0867869038813713,SA2_207011522
207021156,460,0.23055841041452552,673,2919,0.43883426344228893,6335,11289,0.10117693021468326,SA2_207021156
207021157,450,0.2449245939675174,1689,6896,0.579592165712904,10432,24814,0.14195637585398707,SA2_207021157
207021159,513,0.19821162444113263,931,4697,0.4546151125780974,9253,16966,0.09010999995959307,SA2_207021159
207021160,475,0.17575913535769427,683,3886,0.42794729053625535,8118,14191,0.07521564576332022,SA2_207021160
207021424,497,0.21170970614425647,951,4492,0.5297345584481878,7370,15672,0.1121499477035233,SA2_207021424
207021425,460,0.1727292065517975,812,4701,0.565872913161641,6709,15454,0.09774277929956446,SA2_207021425
207031161,420,0.2171945701357466,1488,6851,0.3613950963539311,14117,22106,0.07849305260175879,SA2_207031161
207031162,410,0.19690533980582525,649,3296,0.39866532589816256,6578,10939,0.07849933146477776,SA2_207031162
207031163,391,0.29793510324483774,2424,8136,0.5886344730966245,9396,22841,0.17537487251551348,SA2_207031163
207031164,438,0.22208758871386533,1283,5777,0.46005737614476444,9787,18126,0.10217303333801848,SA2_207031164
207031165,401,0.41131105398457585,1920,4668,0.5333171206225681,5757,12336,0.21935922699128765,SA2_207031165
207031166,439,0.2603924176920519,783,3007,0.5466978922716628,4839,10675,0.1423559859157672,SA2_207031166
207031167,462,0.2613418530351438,818,3130,0.3275624631123352,6836,10166,0.08560578109453362,SA2_207031167
208011168,612,0.18164794007490637,776,4272,0.2637472362884245,10323,14021,0.0479091421722419,SA2_208011168
208011169,600,0.21565641181845874,1416,6566,0.3090341857808243,15725,22758,0.06664520363473153,SA2_208011169
208011170,602,0.18042584983190138,966,5354,0.3269044740024184,11133,16540,0.05898201753573705,SA2_208011170
208011171,450,0.16530450830477195,627,3793,0.3079025645148324,8609,12439,0.050897682032902694,SA2_208011171
208011172,471,0.20441202632983455,1149,5621,0.3141758241758242,12482,18200,0.06422131684362604,SA2_208011172
208011173,486,0.19625226677412855,974,4963,0.2908745247148289,12309,17358,0.057084784822132445,SA2_208011173
208021174,491,0.20067516879219804,1605,7998,0.3994617609254499,14951,24896,0.08016205629974332,SA2_208021174
208021176,395,0.3026762156049755,1606,5306,0.4621236646163807,9969,18534,0.13987384194758903,SA2_208021176
208021177,426,0.26540662851058167,1994,7513,0.39026026294606925,13635,22362,0.10357766063016932,SA2_208021177
208021178,483,0.21338833677104818,1138,5333,0.4133886583679115,10603,18075,0.08821231824914369,SA2_208021178
208021179,426,0.21034180543382996,720,3423,0.3263608870967742,8019,11904,0.06864733821492182,SA2_208021179
208021180,416,0.2518018018018018,559,2220,0.41993917757503635,4387,7563,0.10574144156056095,SA2_208021180
208021181,390,0.2702410939186758,751,2779,0.36353933183904363,5963,9369,0.09824326671864764,SA2_208021181
208021182,391,0.2558431766775572,1018,3979,0.4592474101157831,7099,13128,0.11749531628496285,SA2_208021182
208021426,508,0.1657288074060628,913,5509,0.40101308569016464,9933,16583,0.06645942044565625,SA2_208021426
208021427,490,0.16440763052208834,655,3984,0.3571885893149321,9036,14057,0.058724529618795304,SA2_208021427
208031183,510,0.17861080485115766,486,2721,0.3689144922625099,5587,8853,0.06589211438426307,SA2_208031183
208031184,504,0.0,0,3,0.41935483870967744,18,31,0.0,SA2_208031184
208031185,420,0.14252645502645503,431,3024,0.2791722074468085,8673,12032,0.039789425069303726,SA2_208031185
208031186,381,0.13059219032841995,505,3867,0.28124177847934756,10928,15204,0.03672797986347828,SA2_208031186
208031187,412,0.12307692307692308,192,1560,0.2851844984238828,3855,5393,0.03509963057524712,SA2_208031187
208031188,421,0.16648764769065522,1085,6517,0.3500518995225244,15654,24085,0.058279317321150687,SA2_208031188
208031189,440,0.1505349589450112,605,4019,0.22273833222738332,10542,13563,0.033529905697329415,SA2_208031189
208031190,392,0.17824339839265213,621,3484,0.31355611123740246,9059,13197,0.05588930685373907,SA2_208031190
208031191,440,0.1573806078147612,435,2764,0.3861342694164107,5596,9116,0.060770046018863474,SA2_208031191
208031192,486,1.0,23,23,0.8846153846153846,3,26,0.8846153846153846,SA2_208031192
208031193,400,0.16846513126107263,1046,6209,0.270909005141752,15456,21199,0.045638721111011846,SA2_208031193
208041194,410,0.2697957116326186,1598,5923,0.2958644201788626,14251,20239,0.07982295178892833,SA2_208041194
208041195,421,0.2888480045287291,2041,7066,0.3257765816722164,14781,21923,0.09409991553821025,SA2_208041195
209011196,385,0.19391365888181175,548,2826,0.34228460990743564,6466,9831,0.06637366108608447,SA2_209011196
209011197,400,0.1580958999305073,910,5756,0.2236747248522132,16153,20807,0.035362056917219255,SA2_209011197
209011198,401,0.20273794002607562,933,4602,0.30301140968888335,11179,16039,0.06143190900472146,SA2_209011198
209011199,353,0.22317018410417602,994,4454,0.3656073256127121,9422,14852,0.08159265416682439,SA2_209011199
209011200,440,0.26142697881828314,938,3588,0.2974795312249157,8752,12458,0.07776917510840883,SA2_209011200
209011201,451,0.2404679376083189,555,2308,0.24741602067183463,5825,7740,0.05949562022221327,SA2_209011201
209011202,415,0.15181088700932552,700,4611,0.195598282846605,13304,16539,0.029693948816444046,SA2_209011202
209011203,400,0.16443629697525206,897,5455,0.2879944482997918,13338,18733,0.04735674062784844,SA2_209011203
209011204,390,0.16262135922330098,402,2472,0.24361195322650497,6986,9236,0.03961650695673746,SA2_209011204
209021205,369,0.3862050456253355,1439,3726,0.4632013835511145,5587,10408,0.1788907114680767,SA2_209021205
209021428,391,0.25976971388695047,1489,5732,0.3796050407995751,12849,20711,0.09860989283854978,SA2_209021428
209021429,400,0.21525148729042726,796,3698,0.3307340894770006,8497,12696,0.07119100465756963,SA2_209021429
209021523,358,0.20747198007471981,833,4015,0.4324433930381886,8397,14795,0.08971988702386328,SA2_209021523
209021524,371,0.17076983196561157,437,2559,0.4436282012039588,5453,9801,0.07575831337480657,SA2_209021524
209021525,349,0.19770474700052165,758,3834,0.41487616220017187,7489,12799,0.08202298668433236,SA2_209021525
209021526,361,0.18973981345115365,773,4074,0.3611781405251952,9001,14090,0.06852987300588509,SA2_209021526
209031209,446,0.15935465609963204,1126,7066,0.2079849854973554,18568,23444,0.033143375837818026,SA2_209031209
209031210,420,0.15369836695485112,160,1041,0.13871693866066404,3061,3554,0.021320566941120316,SA2_209031210
209031211,306,0.06102212051868802,80,1311,0.19909609895337774,3367,4204,0.012149266145133652,SA2_209031211
209031212,300,0.14924346629986246,217,1454,0.18601453545472402,4144,5091,0.027761454053421675,SA2_209031212
209031213,480,0.16569767441860464,456,2752,0.2165221070446372,7407,9454,0.03587720959751256,SA2_209031213
209031214,462,0.1765504753282028,390,2209,0.1734679163662581,5732,6935,0.0306258430886558,SA2_209031214
209031215,429,0.16395348837209303,705,4300,0.1675105777901089,12002,14417,0.027463943567913204,SA2_209031215
209041216,381,0.3006993006993007,731,2431,0.41877551020408166,4272,7350,0.1259255030683602,SA2_209041216
209041217,380,0.22893772893772893,375,1638,0.4827028774652441,3200,6186,0.11050890051859984,SA2_209041217
209041220,365,0.18825015792798483,894,4749,0.3884945621064682,10683,17470,0.07313416267070595,SA2_209041220
209041221,369,0.19152485819152487,574,2997,0.40604982206405693,6676,11240,0.07776863458951241,SA2_209041221
209041223,350,0.15448048378229798,843,5457,0.564006400640064,8719,19998,0.08712798162718967,SA2_209041223
209041224,361,0.08694452111509798,630,7246,0.23891810668670171,17221,22627,0.02077262037160117,SA2_209041224
209041225,375,0.09606060606060605,317,3300,0.25813713535315636,7909,10661,0.024796809668772898,SA2_209041225
209041431,360,0.12181493071077336,545,4474,0.4243000608642727,7567,13144,0.0516860825147583,SA2_209041431
209041432,350,0.14369747899159663,342,2380,0.47440273037542663,4312,8204,0.06817047638167895,SA2_209041432
209041433,381,0.12761020881670534,550,4310,0.49065305114057484,6185,12143,0.06261233831260236,SA2_209041433
209041435,400,0.14918521918751435,650,4357,0.33402143707820564,8388,12595,0.04983106130384064,SA2_209041435
209041436,380,0.15327499337045877,578,3771,0.34990316333118143,8056,12392,0.05363140503988939,SA2_209041436
209041437,391,0.11953017042837402,1038,8684,0.5356250256074077,11334,24407,0.06402335059655563,SA2_209041437
209041527,400,0.10061919504643962,585,5814,0.1998282103196515,13042,16299,0.020106553669933976,SA2_209041527
209041528,386,0.11046847888953153,382,3458,0.2644446566708051,7702,10471,0.029212798972888244,SA2_209041528
209041529,350,0.14799154334038056,420,2838,0.5556449180657484,4420,9947,0.08223074897378942,SA2_209041529
209041530,366,0.14558184451955578,603,4142,0.5120994597794716,6593,13513,0.07455238393216354,SA2_209041530
209041531,378,0.11350499211770888,432,3806,0.37516408506169596,7140,11427,0.042582996517775265,SA2_209041531
209041532,390,0.11532882011605416,477,4136,0.39288107202680067,7249,11940,0.04531051048278142,SA2_209041532
210011226,401,0.16104294478527606,315,1956,0.27823320690077086,5899,8173,0.04480749497635113,SA2_210011226
210011228,396,0.1434957532409477,321,2237,0.27620496022461394,6187,8548,0.03963423881631698,SA2_210011228
210011230,435,0.18983355825461087,422,2223,0.2386058981233244,5680,7460,0.04529540666128785,SA2_210011230
210011231,450,0.18150577944392376,581,3201,0.21642906988336158,7860,10031,0.03928312702350299,SA2_210011231
210011533,400,0.16720884840598568,514,3074,0.43743945753955443,6969,12388,0.07314374794252797,SA2_210011533
210011534,408,0.1547881459710997,632,4083,0.3232269621176939,10201,15073,0.05003170219406872,SA2_210011534
210021232,430,0.11678517560870502,542,4641,0.16509632963015047,11874,14222,0.019280803848209772,SA2_210021232
210021233,361,0.10813308687615526,117,1082,0.21373829122906612,2770,3523,0.02311218121423358,SA2_210021233
210021234,400,0.11482889733840304,151,1315,0.15144716176800538,3782,4457,0.017390510590850807,SA2_210021234
210021235,365,0.0911154345006485,281,3084,0.1667440780306549,8970,10765,0.01519295912017316,SA2_210021235
210031236,401,0.19564371839751069,503,2571,0.36035608308605344,5389,8425,0.0705014040421178,SA2_210031236
210031237,380,0.14561254768969903,687,4718,0.5147836023425225,6794,14002,0.07495895184597562,SA2_210031237
210031439,423,0.15570175438596492,142,912,0.2738669238187078,2259,3111,0.04264156050686021,SA2_210031439
210031440,376,0.13850267379679143,259,1870,0.3890402179137959,3813,6241,0.05388311039554713,SA2_210031440
210031535,369,0.17221261884183234,797,4628,0.48400189406751,7628,14783,0.08335123370177301,SA2_210031535
210031536,369,0.18449290411907235,533,2889,0.5069436603816191,4367,8857,0.09352750812855763,SA2_210031536
210031537,401,0.20211827007943514,458,2266,0.39073183084325147,4812,7898,0.07897404171500846,SA2_210031537
210031538,400,0.19039935457845905,944,4958,0.34169861740443824,11332,17214,0.06505919621415686,SA2_210031538
210041240,371,0.13076152304609218,522,3992,0.1949381903298954,11006,13671,0.02549041466738612,SA2_210041240
210041539,396,0.11360347322720694,157,1382,0.2833683406530456,3753,5237,0.03219162770081632,SA2_210041539
210041540,351,0.1119526627218935,473,4225,0.23590256923590258,11450,14985,0.02640992076889513,SA2_210041540
210041541,376,0.12822966507177033,402,3135,0.19326526956833243,9008,11166,0.024782340786752673,SA2_210041541
210051242,331,0.11639908256880734,609,5232,0.5859730139259687,5738,13859,0.06820672123106172,SA2_210051242
210051243,330,0.11463501063075833,647,5644,0.5364015694089805,7444,16057,0.061490399611553934,SA2_210051243
210051245,371,0.13788187372708757,677,4910,0.3450954283177985,11804,18024,0.04758240427110989,SA2_210051245
210051246,430,0.16758241758241757,1159,6916,0.3644263408010862,14043,22095,0.06107144722216005,SA2_210051246
210051247,346,0.12342135476463835,645,5226,0.5370718603089322,6893,14890,0.066286136605293,SA2_210051247
210051248,250,0.0,0,64,0.5714285714285714,54,126,0.0,SA2_210051248
210051250,351,0.13266583229036297,212,1598,0.3894464720194647,4015,6576,0.05166624034300784,SA2_210051250
210051441,350,0.11919792053471964,321,2693,0.4238794912952216,4666,8099,0.050525553919705216,SA2_210051441
210051442,371,0.12755323772272925,587,4602,0.49532862133398325,6212,12309,0.0631807693878853,SA2_210051442
210051443,375,0.125354655661594,972,7754,0.5166797397683754,10475,21673,0.0647682108659867,SA2_210051443
210051445,400,0.09559476958232829,753,7877,0.5074869513134251,11512,23374,0.04851309817684513,SA2_210051445
210051542,396,0.09722222222222222,357,3672,0.5983539930908351,3953,9842,0.0581733048838312,SA2_210051542
210051543,381,0.11032244980734131,544,4931,0.5939687668282175,5278,12999,0.06552808946553444,SA2_210051543
210051544,375,0.17084826762246116,572,3348,0.5342335689418715,4415,9479,0.09127287975948341,SA2_210051544
210051545,395,0.13616652211621855,785,5765,0.5646063583026334,6382,14658,0.07688048417477314,SA2_210051545
211011251,376,0.14773413897280968,489,3310,0.3888315195805862,7694,12589,0.05744368975072709,SA2_211011251
211011254,425,0.17724649629018963,860,4852,0.4402746822480573,9292,16601,0.07803714483374471,SA2_211011254
211011255,435,0.18564356435643564,375,2020,0.24901425538368213,4952,6594,0.046227893944990495,SA2_211011255
211011256,425,0.1803558371922983,740,4103,0.38863665845116097,9426,15418,0.07009288989857643,SA2_211011256
211011257,450,0.15850021303792075,372,2347,0.32979127134724856,5298,7905,0.05227198676658563,SA2_211011257
211011258,471,0.20462270564242013,602,2942,0.3736867469879518,6498,10375,0.07646479323138919,SA2_211011258
211011259,427,0.16630669546436286,693,4167,0.42758524510145735,8209,14341,0.07111028914214301,SA2_211011259
211011260,426,0.2051228654727197,985,4802,0.470181696577862,9506,17942,0.0964450168948759,SA2_211011260
211011446,376,0.13508715300193674,837,6196,0.31290322580645163,16188,23560,0.04226920593931569,SA2_211011446
211011447,370,0.15035990402559318,564,3751,0.2748674443266172,10257,14145,0.04132904254871024,SA2_211011447
211011448,405,0.15612317975650514,654,4189,0.2827050997782705,10999,15334,0.04413681911076365,SA2_211011448
211011449,366,0.12519809825673534,158,1262,0.18411967779056387,3545,4345,0.023051433511021468,SA2_211011449
211021261,451,0.20328667072428486,1002,4929,0.3426728110599078,10698,16275,0.06966081490810055,SA2_211021261
211021262,481,0.17472240365774003,535,3062,0.21370648734177214,7951,10112,0.03733931114560682,SA2_211021262
211031263,361,0.12122146822948797,393,3242,0.25018953752843065,8901,11871,0.030328343074852944,SA2_211031263
211031265,431,0.16728555514296323,901,5386,0.21307935101611386,14211,18059,0.035645097524232935,SA2_211031265
211031266,381,0.16563958916900093,887,5355,0.3871226289072936,11470,18715,0.06412283321022771,SA2_211031266
211031267,385,0.15059658174782328,934,6202,0.2856804845731592,15095,21132,0.04302250444877954,SA2_211031267
211031268,436,0.1644945403311025,467,2839,0.24507975968510462,7288,9654,0.04031428241385835,SA2_211031268
211031450,371,0.12966507177033493,542,4180,0.2859891985846421,11502,16109,0.037082809960018184,SA2_211031450
211031451,399,0.1373512674599069,531,3866,0.2832590706556333,10134,14139,0.038905992374066556,SA2_211031451
211031452,410,0.14065934065934066,192,1365,0.23070641077991016,3768,4898,0.03245101162618517,SA2_211031452
211041269,396,0.1833554376657825,553,3016,0.4556586270871985,5868,10780,0.08354748699576285,SA2_211041269
211041270,406,0.1903451196273555,899,4723,0.35784459660613277,10785,16795,0.06811397254899712,SA2_211041270
211041271,391,0.18874868559411145,718,3804,0.42552163054861836,7131,12413,0.08031664845791482,SA2_211041271
211041272,426,0.15677491601343785,560,3572,0.39634312744473754,6636,10993,0.06213666051765202,SA2_211041272
211041273,496,0.20362381363244175,708,3477,0.4866990128827171,6136,11954,0.09910350909432375,SA2_211041273
211051274,400,0.14717878993881714,433,2942,0.2030984507746127,7973,10005,0.029891784223455915,SA2_211051274
211051275,443,0.13755656108597286,456,3315,0.24738942185244928,8865,11779,0.03403003811906995,SA2_211051275
211051276,350,0.09485744737543299,356,3753,0.1953075008887309,11318,14065,0.018526370987580122,SA2_211051276
211051277,396,0.11419632381697302,292,2557,0.23951189995966116,7541,9916,0.027351378485811914,SA2_211051277
211051278,369,0.12196969696969696,644,5280,0.2007755497729476,15664,19599,0.024488532964730726,SA2_211051278
211051279,360,0.11962833914053426,206,1722,0.19240027510316368,4697,5816,0.023016525360773355,SA2_211051279
211051280,365,0.11369645690111052,215,1891,0.1713956502952614,5753,6943,0.019487078166833,SA2_211051280
211051281,400,0.11929285165257494,776,6505,0.243454592586192,17511,23146,0.029042392597522674,SA2_211051281
211051282,400,0.15088757396449703,408,2704,0.21625798475169997,7607,9706,0.0326306426696352,SA2_211051282
211051283,365,0.11317944899478778,304,2686,0.14430043882028779,8385,9799,0.016331844155386258,SA2_211051283
211051284,375,0.1526580459770115,425,2784,0.19382223585967065,7882,9777,0.029588523793232766,SA2_211051284
211051285,360,0.09473684210526316,207,2185,0.15059478613009364,6712,7902,0.014266874475482555,SA2_211051285
211051286,315,0.07286166842661035,345,4735,0.1999523781177451,13440,16799,0.014568863875527362,SA2_211051286
212011289,370,0.10587234042553191,622,5875,0.19980679439703752,14910,18633,0.02115401295573742,SA2_212011289
212011546,391,0.14300722258699936,1089,7615,0.33429248476641843,15732,23632,0.04780623977815229,SA2_212011546
212011547,311,0.08092105263157895,246,3040,0.17987434130522903,8093,9868,0.014555621039831034,SA2_212011547
212011548,320,0.07103637611530542,207,2914,0.18492402423279372,8207,10069,0.013136332538156588,SA2_212011548
212011549,346,0.10057236304170074,492,4892,0.28152321740819897,11094,15441,0.02831345522584503,SA2_212011549
212011550,366,0.10657785179017486,256,2402,0.31782323840085575,5102,7479,0.033872917997759815,SA2_212011550
212011551,335,0.11128691983122363,211,1896,0.3727286845783507,4039,6439,0.04147982723946835,SA2_212011551
212011552,369,0.09929386203150461,914,9205,0.34637643281185826,17506,26783,0.034393053730585384,SA2_212011552
212021293,380,0.15290850177441753,991,6481,0.3212559334581718,15586,22963,0.049122763471231026,SA2_212021293
212021295,320,0.10361067503924647,396,3822,0.6283959962991,4418,11889,0.06510853336850958,SA2_212021295
212021297,361,0.12166253784750894,442,3633,0.5910913528591353,4691,11472,0.07191367408855981,SA2_212021297
212021299,400,0.15803402646502834,418,2645,0.3170731707317073,5628,8241,0.05010834985476509,SA2_212021299
212021453,369,0.14713504175064784,511,3473,0.5178719179215622,5827,12086,0.07619710626487712,SA2_212021453
212021454,383,0.16333333333333333,637,3900,0.5388473053892215,6161,13360,0.08801172654690619,SA2_212021454
212021455,370,0.14395209580838322,601,4175,0.40017772511848343,8100,13504,0.05760642222663677,SA2_212021455
212021456,360,0.12807215332581737,568,4435,0.474996612007047,7748,14758,0.06083383892221031,SA2_212021456
212021553,430,0.1355958230958231,883,6512,0.41120495495495496,10457,17760,0.05575767432819798,SA2_212021553
212021554,400,0.13790485829959515,545,3952,0.4433090456726497,6265,11254,0.06113447112641551,SA2_212021554
212031300,342,0.09588226549724989,645,6727,0.4088623654903435,12580,21281,0.039202649879778735,SA2_212031300
212031303,408,0.10771610906981241,557,5171,0.3051149425287356,12091,17400,0.03286579442825483,SA2_212031303
212031304,380,0.10204941044357103,727,7124,0.45121894590201994,11818,21535,0.046046627410270706,SA2_212031304
212031306,416,0.14961119751166407,962,6430,0.5745270982415266,7670,18027,0.08595568717081627,SA2_212031306
212031308,370,0.08550022036139268,194,2269,0.1698654037886341,6661,8024,0.014523529455705163,SA2_212031308
212031457,430,0.14816462736373748,666,4495,0.3805504866180049,8147,13152,0.05638412104284566,SA2_212031457
212031458,392,0.13226521220385207,776,5867,0.47531861425237837,8769,16713,0.06286811737853173,SA2_212031458
212031555,421,0.13295687885010268,518,3896,0.555671570953963,4681,10535,0.07388035773977229,SA2_212031555
212031556,410,0.13219869384524044,668,5053,0.5414808809620322,6787,14802,0.07158306520535078,SA2_212031556
212031557,400,0.10583382439599293,898,8485,0.5007900918214819,11689,23415,0.05300053063708789,SA2_212031557
212031558,401,0.11361457334611696,474,4172,0.49450728293595897,6212,12289,0.056183233967316525,SA2_212031558
212031559,401,0.12696493349455865,630,4962,0.5491700595051675,5758,12772,0.0697253400822764,SA2_212031559
212031560,355,0.1076530612244898,422,3920,0.4134340890008396,6986,11910,0.04450744529549855,SA2_212031560
212031561,355,0.12023864157870583,524,4358,0.587809673613842,5241,12715,0.0706774366621508,SA2_212031561
212031562,350,0.11885245901639344,522,4392,0.5898414123279473,5483,13368,0.07010410228487898,SA2_212031562
212041309,400,0.17510259917920656,512,2924,0.5366106975939069,5354,11554,0.0939619278960603,SA2_212041309
212041310,381,0.2693817468105986,1098,4076,0.6697556236454675,4419,13381,0.1804199398338379,SA2_212041310
212041312,341,0.1462030840849578,1005,6874,0.5663233596732664,9769,22526,0.08279822177358637,SA2_212041312
212041313,450,0.1352839931153184,393,2905,0.2919325650061911,7434,10499,0.039493803114434796,SA2_212041313
212041316,351,0.15873015873015872,340,2142,0.5568669527896996,3304,7456,0.08839157980788881,SA2_212041316
212041317,356,0.19821162444113263,1330,6710,0.7111201006832075,6427,22248,0.14095227032916036,SA2_212041317
212041318,355,0.17247007616974971,634,3676,0.6345772918152286,4612,12621,0.10944559385496597,SA2_212041318
212041459,331,0.1723338485316847,669,3882,0.6559384567077479,4383,12739,0.11304039864438005,SA2_212041459
212041460,346,0.1716183152743796,982,5722,0.6598438058292073,6664,19591,0.11324128230064341,SA2_212041460
212041563,310,0.13201140839331793,972,7363,0.709266067854982,6247,21487,0.09363121254312678,SA2_212041563
212041564,341,0.1165389527458493,365,3132,0.6287700534759358,3471,9350,0.07327620355003722,SA2_212041564
212041565,381,0.14840903570561087,611,4117,0.5740593534711181,6430,15096,0.08519559508643507,SA2_212041565
212041566,520,0.1973191405479992,1001,5073,0.5599284436493739,6642,15093,0.11048459926927326,SA2_212041566
212051319,415,0.24076241431198797,1440,5981,0.47408622545752804,10259,19507,0.11414214423321191,SA2_212051319
212051321,500,0.23085796683489546,1601,6935,0.5978799240846179,8687,21603,0.13802534368557653,SA2_212051321
212051322,462,0.22459968825279863,1585,7057,0.6430880395512455,7508,21036,0.14443737320231317,SA2_212051322
212051323,485,0.23517940717628705,1206,5128,0.5242331860884714,7647,16073,0.12328884992642286,SA2_212051323
212051324,470,0.23028180757045189,1381,5997,0.4950947313781469,9727,19265,0.11401130966036699,SA2_212051324
212051325,430,0.19287576020851432,1110,5755,0.4969078385036955,10006,19889,0.09584147710496994,SA2_212051325
212051326,415,0.26175778953556733,1781,6804,0.46331995812979765,12305,22928,0.12127760808776744,SA2_212051326
212051327,481,0.20225872689938398,1182,5844,0.5035831880689522,10252,20652,0.10185409450675932,SA2_212051327
212051567,380,0.6563241467421063,3596,5479,0.7049547258113745,2900,9829,0.4626788089099659,SA2_212051567
212051568,401,0.3913518235422581,1792,4579,0.7270162628609359,3290,12052,0.28451914021550495,SA2_212051568
213011328,320,0.16,360,2250,0.5415889096241002,3439,7502,0.08665422553985604,SA2_213011328
213011329,400,0.17918552036199095,594,3315,0.5466228332337119,4551,10038,0.09794689681472846,SA2_213011329
213011331,350,0.1590909090909091,357,2244,0.5285378234493004,3808,8077,0.08408556282147961,SA2_213011331
213011332,360,0.15338983050847457,543,3540,0.449243234979361,7205,13082,0.06890934367056299,SA2_213011332
213011333,323,0.12759360839494396,535,4193,0.5985124794393192,5614,13983,0.07636636692106744,SA2_213011333
213011334,330,0.1342360906682367,912,6794,0.6691608765366115,6809,20581,0.08982554009440531,SA2_213011334
213011335,323,0.1538987688098495,900,5848,0.6813910851380772,5561,17454,0.10486524908075744,SA2_213011335
213011336,340,0.18350794187225414,543,2959,0.541662255161461,4329,9445,0.09939932563456348,SA2_213011336
213011337,341,0.16531165311653118,610,3690,0.605378932514319,4754,12047,0.10007619209586303,SA2_213011337
213011338,346,0.14391077531930202,800,5559,0.5701045371268456,7978,18558,0.08204418595097615,SA2_213011338
213011339,366,0.17381294964028776,604,3475,0.458041958041958,6355,11726,0.07961362378628566,SA2_213011339
213011340,412,0.20874001774622894,941,4508,0.3542282672974571,10920,16910,0.07394161480188713,SA2_213011340
213011569,350,0.11952124072825354,709,5932,0.5753165963119307,7646,18004,0.06876255340275773,SA2_213011569
213011570,400,0.11302211302211303,368,3256,0.5236334219345892,4122,8653,0.05918215579604694,SA2_213011570
213021341,390,0.14984960350013674,548,3657,0.32155503098259075,9197,13556,0.04818489389621541,SA2_213021341
213021342,341,0.14894944872061577,716,4807,0.3784836841820445,11485,18479,0.05637493610866317,SA2_213021342
213021343,400,0.13501199040767387,563,4170,0.4104212711807648,8803,14931,0.05541179272776273,SA2_213021343
213021344,460,0.1670504871567759,943,5645,0.2664107076201141,13757,18753,0.04450403849172145,SA2_213021344
213021345,361,0.13539651837524178,210,1551,0.4238691437802908,2853,4952,0.05739040631454614,SA2_213021345
213021346,450,0.19332638164754953,927,4795,0.26263197586727,11733,15912,0.05077368959936586,SA2_213021346
213031347,350,0.20148760330578513,1219,6050,0.5579504929725194,8429,19068,0.11242010759231424,SA2_213031347
213031348,355,0.31693989071038253,1682,5307,0.49098126203957737,8720,17131,0.15561154753166934,SA2_213031348
213031349,396,0.2784702549575071,983,3530,0.47140698321800684,6646,12573,0.13127282280546765,SA2_213031349
213031350,414,0.21269230769230768,553,2600,0.2975018925056775,6496,9247,0.0632763640598614,SA2_213031350
213031351,351,0.19966722129783693,720,3606,0.38900724328930547,7170,11735,0.07767199533230724,SA2_213031351
213031352,462,0.2007200720072007,892,4444,0.28028196339649486,11129,15463,0.05625821587526404,SA2_213031352
213041353,340,0.1096308631695809,790,7206,0.19727313185257112,19841,24717,0.021627223725163916,SA2_213041353
213041358,340,0.08823128324014728,647,7333,0.3497736703130894,13790,21208,0.030860979775340087,SA2_213041358
213041359,400,0.08023774145616643,594,7403,0.5039594371332535,8707,17553,0.040436567021093155,SA2_213041359
213041360,400,0.13350967562299876,959,7183,0.3895286350376171,11928,19539,0.05200584170974173,SA2_213041360
213041461,400,0.13350515463917526,259,1940,0.5091379310344828,2847,5800,0.06797253821542837,SA2_213041461
213041462,411,0.11546307629538964,283,2451,0.5099576603418535,3125,6377,0.05888128024346983,SA2_213041462
213041463,401,0.1518707717796493,1100,7243,0.45303216302479743,11139,20365,0.06880234423957989,SA2_213041463
213041571,350,0.08904316329610625,295,3313,0.3813205819513684,6081,9829,0.03395399084686196,SA2_213041571
213041572,371,0.09330855018587361,251,2690,0.5288233745722558,3580,7598,0.04934374238573837,SA2_213041572
213041573,380,0.09942084942084942,103,1036,0.18461538461538463,2438,2990,0.018354618354618355,SA2_213041573
213041574,429,0.11880896226415094,403,3392,0.4553376906318083,5500,10098,0.05409819850372015,SA2_213041574
213041575,380,0.1676923076923077,872,5200,0.32974910394265233,10846,16182,0.05529638819961401,SA2_213041575
213041576,321,0.09632900910847364,349,3623,0.2801753782668501,8373,11632,0.02698901656503745,SA2_213041576
213041577,300,0.07566204287515763,180,2379,0.3693887902612224,4973,7886,0.027948710486347218,SA2_213041577
213041578,321,0.07589134125636672,447,5890,0.4337855684956177,9432,16658,0.032920568610787966,SA2_213041578
213051361,341,0.14485729671513192,807,5571,0.4064295782283422,10949,18446,0.05887429000722889,SA2_213051361
213051362,340,0.12741184298070526,766,6012,0.47038141913488174,9942,18772,0.05993216351585486,SA2_213051362
213051363,380,0.1695563488016318,665,3922,0.6227419495592984,4323,11459,0.1055898512128846,SA2_213051363
213051368,351,0.13142292490118576,665,5060,0.4234979179060083,9691,16810,0.055657335060769864,SA2_213051368
213051464,401,0.13242713004484305,945,7136,0.5628307564594791,8426,19274,0.07453406177889682,SA2_213051464
213051466,410,0.10004028467839399,745,7447,0.6204494264313027,7246,19091,0.062069937248733796,SA2_213051466
213051467,315,0.10848978235587307,653,6019,0.42924776433456074,10850,19010,0.04656899652940159,SA2_213051467
213051468,360,0.12355707567336469,867,7017,0.4074123808244931,13239,22341,0.050338682367797566,SA2_213051468
213051579,361,0.11065573770491803,432,3904,0.5761115297663904,4500,10616,0.06375004632660877,SA2_213051579
213051580,390,0.14271213966707266,703,4926,0.45725982918048985,7689,14167,0.06525652860614786,SA2_213051580
213051581,400,0.14012184508268058,483,3447,0.5573444851019341,4234,9565,0.07809613759913958,SA2_213051581
213051582,385,0.12154554759467759,475,3908,0.6659099881563364,3385,10132,0.08093839415922717,SA2_213051582
213051583,380,0.13397594623275558,1515,11308,0.6184023331910656,10729,28116,0.0828510377418168,SA2_213051583
213051584,391,0.12887740029542097,349,2708,0.7075170209809643,2105,7197,0.09118295432878748,SA2_213051584
213051585,369,0.12156686177397569,540,4442,0.5441781434448221,5097,11182,0.0661540291445754,SA2_213051585
213051586,402,0.10389937106918239,413,3975,0.6520342612419701,3250,9340,0.06774594965859966,SA2_213051586
213051587,395,0.12980630239953744,449,3459,0.6506877865777407,3352,9596,0.0844633755921959,SA2_213051587
213051588,377,0.11259297255706592,878,7798,0.6203514293207448,7238,19065,0.06984721145724725,SA2_213051588
213051589,350,0.11510353227771011,378,3284,0.5131753764393269,4397,9032,0.059068298506110097,SA2_213051589
213051590,336,0.09827473247433938,450,4579,0.39731285988483683,8164,13546,0.039045815013797024,SA2_213051590
214011370,370,0.10599078341013825,644,6076,0.2897251547142337,15609,21976,0.03070819612178514,SA2_214011370
214011371,335,0.14510767451943923,1004,6919,0.3001780717374714,16506,23586,0.043558141931553884,SA2_214011371
214011372,341,0.08926080892608089,512,5736,0.2903408214671259,13805,19453,0.02591605658841849,SA2_214011372
214011373,420,0.12477428674611774,691,5538,0.2462634966225201,14171,18801,0.03072735214267992,SA2_214011373
214011374,365,0.10388873119500426,732,7046,0.19142708208027587,20165,24939,0.019887116673681798,SA2_214011374
214011375,351,0.10597176981541802,488,4605,0.25791460935230903,12775,17215,0.02733166761431635,SA2_214011375
214011376,450,0.118865598027127,482,4055,0.27873412012328047,9595,13303,0.03313189787901879,SA2_214011376
214021377,405,0.1052468177584601,339,3221,0.26327996408798443,9847,13366,0.02770937839982202,SA2_214021377
214021378,424,0.10986101919258769,166,1511,0.22718932443703085,4633,5995,0.024959250732327676,SA2_214021378
214021379,330,0.07549136390708755,507,6716,0.2130162703379224,18864,23970,0.016080888782210638,SA2_214021379
214021381,512,0.13237774030354132,785,5930,0.2546706522899541,13963,18734,0.033712725471773015,SA2_214021381
214021382,496,0.11505466778805719,684,5945,0.23561422956767106,15170,19846,0.027108516909047434,SA2_214021382
214021383,376,0.08712428919577579,429,4924,0.23350663772651556,15185,19811,0.02034409983441819,SA2_214021383
214021384,350,0.07310565635005337,411,5622,0.23731694560669456,17499,22944,0.017349211071567318,SA2_214021384
214021385,380,0.10620746545679521,515,4849,0.18259367238959076,15140,18522,0.019392811152946842,SA2_214021385
214021591,400,0.10264498908032031,423,4121,0.24474464579901153,11461,15175,0.0251218114955064,SA2_214021591
214021592,410,0.12751390671801455,298,2337,0.28296002268216613,7587,10581,0.036081337937221014,SA2_214021592
215011386,250,0.0456989247311828,119,2604,0.17835294117647058,6984,8500,0.008150537634408601,SA2_215011386
215011387,151,0.04838709677419355,42,868,0.18039950062421972,2626,3204,0.00872900809472031,SA2_215011387
215011388,245,0.082358040745557,380,4614,0.13023255813953488,14773,16985,0.010725698329653935,SA2_215011388
215011389,185,0.07450157397691501,71,953,0.12762892538173437,3028,3471,0.00950855582592145,SA2_215011389
215011390,170,0.06086427267194157,100,1643,0.16474985623921795,5810,6956,0.010027380172806936,SA2_215011390
215011391,182,0.05405405405405406,46,851,0.14914567043150884,2938,3453,0.008061928131432911,SA2_215011391
215011392,214,0.04787000439174352,109,2277,0.20366886171213547,6772,8504,0.00974962930462133,SA2_215011392
215011393,150,0.033660589060308554,24,713,0.17787418655097614,2274,2766,0.005987349897929071,SA2_215011393
215011394,166,0.0481283422459893,81,1683,0.1530533764036302,5506,6501,0.007366205281458138,SA2_215011394
215021395,250,0.05296881674498078,124,2341,0.16857142857142857,6402,7700,0.008929029108439616,SA2_215021395
215021396,220,0.03820816864295125,58,1518,0.16840836012861737,4138,4976,0.0064345750246770795,SA2_215021396
215021398,150,0.043151969981238276,46,1066,0.18894256575415996,3022,3726,0.00815324392560165,SA2_215021398
215021399,240,0.0413268080478521,76,1839,0.18458781362007168,5005,6138,0.007628425141449401,SA2_215021399
215021469,260,0.0609360076408787,319,5235,0.24957008931047872,13528,18027,0.01520780486915811,SA2_215021469
215021470,300,0.07040472175379427,334,4744,0.24658703071672355,12362,16408,0.01736089128570524,SA2_215021470
215031400,158,0.0547112462006079,90,1645,0.1626778783958603,5178,6184,0.008900309456308465,SA2_215031400
215031401,180,0.03944174757281554,65,1648,0.14659919630897456,5734,6719,0.005782128495196205,SA2_215031401
215031402,200,0.043259557344064385,43,994,0.1366161616161616,3419,3960,0.005909954677560311,SA2_215031402
215031403,220,0.03633217993079585,42,1156,0.5032085561497326,1858,3740,0.01828266380474807,SA2_215031403
215031404,235,0.06751054852320675,208,3081,0.1983729662077597,8967,11186,0.013392267760861413,SA2_215031404
215031405,180,0.040880503144654086,78,1908,0.21429674231897483,5089,6477,0.008760558648259977,SA2_215031405
216011406,285,0.06520704426463589,274,4202,0.14556152468662062,13360,15636,0.00949163678346836,SA2_216011406
216011407,210,0.04746632456703015,148,3118,0.14405179390342596,9519,11121,0.006837609203882951,SA2_216011407
216011408,200,0.04614093959731544,55,1192,0.15889992360580596,3303,3927,0.0073317917771135305,SA2_216011408
216011409,213,0.049476688867745006,52,1051,0.13769920318725098,3463,4016,0.006812900633432018,SA2_216011409
216011410,200,0.045871559633027525,50,1090,0.20128786072024804,3349,4193,0.009233388106433397,SA2_216011410
216021411,250,0.057193396226415096,97,1696,0.23712296983758702,4932,6465,0.013561867968305389,SA2_216021411
216021412,210,0.05143540669856459,43,836,0.17305663032008442,2351,2843,0.008901238162396687,SA2_216021412
216021413,210,0.05125284738041002,180,3512,0.1728395061728395,10385,12555,0.008858516831181978,SA2_216021413
216021414,290,0.05319645356976201,114,2143,0.15240734326290267,7341,8661,0.008107530159575783,SA2_216021414
216031415,250,0.05204918032786885,127,2440,0.22004331087584217,6483,8312,0.011453073967718014,SA2_216031415
216031416,270,0.08620135091669347,536,6218,0.261641910879165,14714,19928,0.02255388617420914,SA2_216031416
216031418,236,0.09433962264150944,120,1272,0.16280806572068707,3363,4017,0.015359251483083687,SA2_216031418
216031419,240,0.057905009759271306,178,3074,0.18896191764933307,8391,10346,0.010941841685615253,SA2_216031419
216031593,380,0.0798004987531172,224,2807,0.2014974675181678,7252,9082,0.016079598405439825,SA2_216031593
216031594,270,0.05771919312961853,289,5007,0.34019370460048426,10900,16520,0.01963570613731575,SA2_216031594
217011420,180,0.05137449301487156,114,2219,0.16412556053811658,7456,8920,0.00843186746342735,SA2_217011420
217011421,235,0.06132617861249521,160,2609,0.14034409433597525,8894,10346,0.008606766996456896,SA2_217011421
217011422,250,0.05616005616005616,160,2849,0.16090828138913624,9423,11230,0.009036618119432011,SA2_217011422
217011423,170,0.050059594755661505,84,1678,0.1488652594826218,5363,6301,0.007452134562896444,SA2_217011423
217031471,240,0.06206896551724138,54,870,0.146089945574334,2981,3491,0.009067651794269006,SA2_217031471
217031472,260,0.05998763141620284,194,3234,0.15271244904358733,10808,12756,0.009160858105892376,SA2_217031472
217031473,250,0.07682851874615858,125,1627,0.14711589345563592,4835,5669,0.011302696178214193,SA2_217031473
217031474,200,0.048797736916548796,69,1414,0.15217794253938832,4574,5395,0.007425939204538751,SA2_217031474
217031475,231,0.0537525354969574,106,1972,0.15710306406685237,6052,7180,0.008444688027934254,SA2_217031475
217031476,285,0.05400192864030858,56,1037,0.27619760479041916,2901,4008,0.014915203344516367,SA2_217031476
217041477,200,0.06060606060606061,124,2046,0.14762040467369622,5982,7018,0.008946691192345226,SA2_217041477
217041478,280,0.06221758776503302,179,2877,0.1511883363291392,8500,10014,0.009406573584607548,SA2_217041478
217041479,300,0.07736081205782835,503,6502,0.1405043517072082,19257,22405,0.01086953074572835,SA2_217041479
217041480,287,0.10080413555427915,351,3482,0.16975331783759467,11073,13337,0.017111836462089528,SA2_217041480
