sa2_code_2021,median_weekly_rent,avg_hh_size,uni_share,overseas_share,intl_student_proxy,log_rent,log_proxy,log_uni,log_os,proxy_sq,D_inner,D_middle,D_high_os,proxy_x_highos
201011001,370,2.8,0.14125087842586087,0.1875853875853876,0.026496600776291575,5.91350300563827,-3.6307388268103638,-1.9572176900307765,-1.6735211367795875,13.182264428508297,0,0,0,-0.0
201011002,313,2.2,0.20395653385344106,0.1813535570027203,0.03698824288826728,5.746203190540153,-3.297155176610808,-1.5898483771862957,-1.7073067994245121,10.871232258651448,0,0,0,-0.0
201011005,330,2.7,0.1697019867549669,0.14268007161547996,0.02421309162348791,5.799092654460526,-3.7208618159171705,-1.773711399356352,-1.9471504165608184,13.844812653150424,0,0,0,-0.0
201011006,360,2.6,0.13867248363976317,0.15195572647969233,0.021072077994223462,5.886104031450156,-3.859806432667662,-1.9756403589436167,-1.8841660737240453,14.898105697662663,0,0,0,-0.0
201011007,350,3.0,0.08716323296354993,0.10023640661938535,0.008736929261594603,5.857933154483459,-4.740196494117108,-2.439972677308742,-2.3002238168083657,22.469462802840123,0,0,0,-0.0
201011008,260,2.3,0.08972340903980211,0.15215548164090523,0.01365190851691504,5.560681631015528,-4.293875949035792,-2.411023573620833,-1.8828523754149593,18.437370665708023,0,0,0,-0.0
201011481,288,2.1,0.16219369894982497,0.1550923537302652,0.025155002530346398,5.662960480135946,-3.6826984944486636,-1.818963985467088,-1.8637345089815756,13.562268201014454,0,0,0,-0.0
201011482,300,2.4,0.14265060240963856,0.12922033898305085,0.018433359199509905,5.703782474656201,-3.993593255894557,-1.9473569783407383,-2.0462362775538185,15.948787093526487,0,0,0,-0.0
201011483,295,2.3,0.16844919786096257,0.18200408997955012,0.030658442964469672,5.68697535633982,-3.4848471907657315,-1.7811210710229992,-1.703726119742732,12.14415994298781,0,0,0,-0.0
201011484,260,2.1,0.12145196506550218,0.1759896072138163,0.021374283627223867,5.560681631015528,-3.8455667792367794,-2.1082364436277805,-1.7373303356089989,14.788383853569536,0,0,0,-0.0
201021009,330,2.5,0.09192944949225014,0.19911571885958226,0.018304598420015045,5.799092654460526,-4.0006029709179955,-2.3867338494606365,-1.613869121457359,16.004824130917893,0,0,0,-0.0
201021010,250,2.3,0.07580720636406177,0.18045763760049474,0.013679989373551778,5.521460917862246,-4.291821143575185,-2.5795619200867637,-1.7122592234884215,18.41972872843901,0,0,0,-0.0
201021011,330,2.1,0.09289176090468497,0.24630838774485184,0.022880019863213214,5.799092654460526,-3.7774912443234863,-2.3763203248812914,-1.4011709194421946,14.269440100940601,0,0,0,-0.0
201021012,270,2.7,0.08627038400841662,0.18392969240426868,0.01586768519426621,5.598421958998375,-4.143470615557212,-2.450268914664231,-1.6932017008929812,17.168348741986062,0,0,0,-0.0
201031013,200,2.2,0.05843439911797133,0.19648924122310304,0.011481730744018148,5.298317366548036,-4.466998137780061,-2.8398505365630147,-1.6271476012170463,19.954072362930535,0,0,0,-0.0
201031014,218,2.2,0.050700466977985324,0.18992248062015504,0.009629158457059228,5.384495062789089,-4.642959444627257,-2.9818201578162666,-1.6611392868109909,21.557072404453447,0,0,0,-0.0
201031015,250,2.6,0.07358093903293624,0.17368205966489578,0.01277968904331749,5.521460917862246,-4.359898161837568,-2.609369267319313,-1.7505288945182549,19.0087119815946,0,0,0,-0.0
201031016,240,2.1,0.0577319587628866,0.15637254901960784,0.009027693551647464,5.480638923341991,-4.707458364815697,-2.851944380762279,-1.8555139840534176,22.160164256473273,0,0,0,-0.0
201031017,200,2.2,0.04628330995792426,0.20865001809627218,0.009657013460276271,5.298317366548036,-4.640070844162119,-3.0729738589478157,-1.5670969852143029,21.530257438843357,0,0,0,-0.0
202011018,280,2.1,0.1335110249575963,0.18608078236988412,0.02484383597911465,5.634789603169249,-3.6951456063389685,-2.013571220599667,-1.681574385739301,13.654101052046183,0,0,0,-0.0
202011019,280,2.4,0.07626416137054436,0.14835122403274384,0.011313881689150955,5.634789603169249,-4.481724839146875,-2.5735521578465925,-1.9081726813002835,20.085857533826086,0,0,0,-0.0
202011020,295,2.2,0.15773968934118907,0.1647841006577066,0.02599299284611387,5.68697535633982,-3.6499282832025988,-1.8468091404500813,-1.8031191427525175,13.32197647252227,0,0,0,-0.0
202011021,290,2.3,0.218436873747495,0.14284200487443044,0.031201960984595024,5.66988092298052,-3.4672743340714556,-1.521258213522375,-1.9460161205490807,12.021991307710655,0,0,0,-0.0
202011022,290,2.2,0.087248322147651,0.16295205056313264,0.014217293002152511,5.66988092298052,-4.253296238259625,-2.4389969484839225,-1.814299289775703,18.09052889039348,0,0,0,-0.0
202011023,380,3.1,0.08579545454545455,0.08408843783979703,0.007214405746482586,5.940171252720432,-4.931675453768249,-2.455789251217273,-2.475886202550976,24.321422781300264,0,0,0,-0.0
202011024,400,2.9,0.10099857346647646,0.11773486332680287,0.011891053243277666,5.991464547107982,-4.431968989925277,-2.292648886334916,-2.139320103590361,19.642349127659283,0,0,0,-0.0
202011025,330,2.7,0.08400718778077268,0.14640730998200194,0.012299266382135831,5.799092654460526,-4.398215662111317,-2.4768529149809035,-1.9213627471304138,19.344301010441292,0,0,0,-0.0
202021026,320,2.9,0.08399366085578447,0.12416107382550336,0.010428743126389348,5.768320995793772,-4.563189522850271,-2.477013948989091,-2.08617557386118,20.822698621450485,0,0,0,-0.0
202021027,310,2.1,0.08921399885255307,0.20022903453136012,0.017863232856928573,5.736572297479192,-4.025010708888067,-2.416717313900732,-1.6082933949873353,16.200711206663623,0,0,0,-0.0
202021028,280,2.2,0.0910267471958585,0.1886178861788618,0.017169272641820468,5.634789603169249,-4.064633967123783,-2.3966018904236304,-1.668032076700153,16.521249286696428,0,0,0,-0.0
202021029,260,2.2,0.049429657794676805,0.22718293164757014,0.011229574568130844,5.560681631015528,-4.489204394464001,-3.007204674716228,-1.4819997197477737,20.1529560952749,0,0,0,-0.0
202021030,351,2.4,0.09805924412665985,0.21122893391403144,0.02071294959729011,5.860786223465865,-3.87699618989702,-2.322183451062674,-1.554812738834346,15.03109945647601,0,0,0,-0.0
202021031,392,2.6,0.10834371108343711,0.20870549754686124,0.022611928127742126,5.971261839790462,-3.789277718674846,-2.222446595292178,-1.5668311233826682,14.358625629245646,0,0,0,-0.0
202031032,230,2.5,0.06589673913043478,0.16234292663153627,0.010697869485909658,5.438079308923196,-4.537710670806382,-2.719666320785439,-1.818044350020943,20.5908181319501,0,0,0,-0.0
202031033,170,2.2,0.04541015625,0.2053779667992866,0.009326245562662917,5.135798437050262,-4.674922749968727,-3.0920194930061426,-1.5829032569625845,21.85490271817516,0,0,0,-0.0
203011034,386,3.0,0.07589461266220998,0.13154500902759866,0.009983557507796515,5.955837369464831,-4.606815788469792,-2.578409576517234,-2.0284062119525577,21.22275170889455,0,0,0,-0.0
203011035,308,2.9,0.0742393509127789,0.16113919368758475,0.011962869145974851,5.730099782973574,-4.425947664081493,-2.6004609336353695,-1.8254867304461229,19.58901272518842,0,0,0,-0.0
203011036,300,2.6,0.0889348500517063,0.15436951920169337,0.013728830042756596,5.703782474656201,-4.28825727457686,-2.419851199199787,-1.8684060753770726,18.389150452961356,0,0,0,-0.0
203021037,350,2.3,0.20722610722610724,0.21042818139441966,0.04360621288103475,5.857933154483459,-3.132555641507481,-1.573944776408158,-1.558610865099323,9.812904847140345,0,0,0,-0.0
203021039,340,2.1,0.2841057868551977,0.2346712085308057,0.06667144835190474,5.8289456176102075,-2.707978478395774,-1.2584086212509562,-1.4495698571448177,7.333147439454691,0,0,0,-0.0
203021040,335,2.3,0.18902027027027027,0.19099056603773584,0.03610108841152473,5.814130531825066,-3.321432264194069,-1.6659010195661261,-1.6555312446279427,11.031912285629339,0,0,0,-0.0
203021042,365,2.7,0.27174579806158755,0.2188150120662395,0.05946206008179616,5.8998973535824915,-2.8224168154971223,-1.3028882156152213,-1.5195285998819008,7.966036680400917,0,0,0,-0.0
203021043,370,2.7,0.09157724533294134,0.20781092376423116,0.019030751948422166,5.91350300563827,-3.9616990846122624,-2.390572451557608,-1.5711266330546545,15.695059637017637,0,0,0,-0.0
203021044,375,2.5,0.11108056090184218,0.1675708257986739,0.018613861320501583,5.926926025970411,-3.9838487435256464,-2.197499567025839,-1.7863491764998074,15.871050811290871,0,0,0,-0.0
203021045,300,2.2,0.09979838709677419,0.21193894709610658,0.02115116508317999,5.703782474656201,-3.8560602883318884,-2.304603257150283,-1.5514570311816054,14.869200947250206,0,0,0,-0.0
203021046,360,2.5,0.17408536585365852,0.1777884155098133,0.03095036135856811,5.886104031450156,-3.4753706043601396,-1.7482094917221793,-1.7271611126379605,12.078200837650561,0,0,0,-0.0
203021047,340,2.3,0.13136209403780902,0.32681228236783794,0.042930745769114924,5.8289456176102075,-3.1481670251491773,-2.029797692191551,-1.1183693329576263,9.91095561823662,0,0,1,-3.1481670251491773
203021485,420,2.6,0.20107418596844578,0.21970873786407766,0.044177755616174055,6.040254711277414,-3.1195338831820227,-1.604081354597833,-1.5154525285841898,9.73149164832071,0,0,0,-0.0
203021486,280,2.6,0.08103975535168195,0.3298226466575716,0.026728746594573843,5.634789603169249,-3.622015641267299,-2.512815437905077,-1.1092002033622221,13.118997305584964,0,0,1,-3.622015641267299
203021487,390,2.6,0.2026990185387132,0.21556354238177927,0.043694518473514965,5.966146739123692,-3.1305326201369423,-1.5960330674761458,-1.5344995526607967,9.80023448574147,0,0,0,-0.0
203021488,254,2.1,0.07048940832724616,0.3689095127610209,0.02600421328081703,5.537334267018537,-3.649496704827025,-2.6522928169435085,-0.9972038878835162,13.318826198543313,0,0,1,-3.649496704827025
203031048,380,2.4,0.11310216430067489,0.18699767815681373,0.021149842118736672,5.940171252720432,-3.856122838352858,-2.1794637598745012,-1.6766590784783564,14.8696833444665,0,0,0,-0.0
203031049,390,2.2,0.13994743758212877,0.19136990696182227,0.02678172810963741,5.966146739123692,-3.6200354109415724,-1.966488372712206,-1.6535470382293662,13.104656376470919,0,0,0,-0.0
203031051,340,2.1,0.08187134502923976,0.24150587248322147,0.019772410612661405,5.8289456176102075,-3.923467716371847,-2.5026062268874014,-1.4208614894844458,15.393598921412117,0,0,0,-0.0
203031052,400,2.1,0.125,0.18155462946185905,0.02269432868273238,5.991464547107982,-3.785640223474527,-2.0794415416798357,-1.706198681794691,14.331071901588269,0,0,0,-0.0
203031053,500,2.7,0.13034491667743187,0.1695858901938473,0.022104658726985135,6.214608098422191,-3.8119668905480517,-2.0375711368511045,-1.7743957536969475,14.531091574634582,0,0,0,-0.0
203031489,420,2.7,0.1424449108079748,0.19174093355686933,0.027312520178746077,6.040254711277414,-3.600410067316676,-1.9487999448401574,-1.6516101224765187,12.96295265283527,0,0,0,-0.0
203031490,420,2.5,0.11458895484799424,0.16190574404454985,0.018552609993951835,6.040254711277414,-3.9871447993434987,-2.166403859381306,-1.8207409399621926,15.89732365093191,0,0,0,-0.0
204011054,250,2.1,0.07269279393173199,0.19537199765670768,0.014202136365689877,5.521460917862246,-4.2543628774031115,-2.621513019964349,-1.6328498574387622,18.099603492625683,0,0,0,-0.0
204011055,250,2.1,0.05459610027855153,0.19575267263796592,0.010687332545136858,5.521460917862246,-4.5386961131332955,-2.9077928222518072,-1.6309032908814882,20.599762407371284,0,0,0,-0.0
204011056,330,2.5,0.08966732760519938,0.17297436226948532,0.01551014880891838,5.799092654460526,-4.166260707454263,-2.411648817013871,-1.7546118904403916,17.357728282477293,0,0,0,-0.0
204011057,320,2.3,0.04926590538336052,0.20414566891699154,0.010057421209287348,5.768320995793772,-4.599444488196635,-3.0105230115553874,-1.5889214766412474,21.154889600002406,0,0,0,-0.0
204011058,285,2.2,0.05509641873278237,0.19594445668944235,0.010795837834129055,5.652489180268651,-4.52859460486092,-2.8986705607108596,-1.6299240441500593,20.50816909517543,0,0,0,-0.0
204011059,250,2.2,0.06232914160743576,0.2056629623991475,0.0128187959067812,5.521460917862246,-4.356842754928644,-2.7753261999963703,-1.581516554932274,18.98207879117422,0,0,0,-0.0
204011060,265,2.7,0.10091047040971168,0.18342303552206674,0.01850930479850901,5.579729825986222,-3.989481711259322,-2.293521586840699,-1.695960124418623,15.91596432447261,0,0,0,-0.0
204011062,300,2.2,0.050434782608695654,0.2415112386417982,0.01218056681845591,5.703782474656201,-4.40791348096415,-2.9870742108108765,-1.4208392701532737,19.429701255665492,0,0,0,-0.0
204021063,250,2.1,0.05590994371482176,0.18628719275549807,0.010415306461752049,5.521460917862246,-4.564478779665907,-2.884013030654486,-1.6804657490114212,20.834466530020368,0,0,0,-0.0
204021064,220,2.4,0.03946002076843198,0.1708542713567839,0.006741913096114007,5.393627546352362,-4.999411552180071,-3.2324672520717397,-1.7669443001083311,24.994115868071546,0,0,0,-0.0
204021065,243,2.3,0.06622516556291391,0.11860637509266123,0.00785472682732856,5.493061443340548,-4.8466397847948075,-2.7146947438208784,-2.131945040973929,23.48991720355586,0,0,0,-0.0
204021066,260,2.2,0.07630597014925374,0.15712704959259632,0.011989731955852966,5.560681631015528,-4.42370466583456,-2.5730040980220457,-1.850700567812514,19.569162970526456,0,0,0,-0.0
204021067,250,2.5,0.05858208955223881,0.14760705289672543,0.00864712959133802,5.521460917862246,-4.750527852260817,-2.8373262681565943,-1.9132015841042236,22.567514875105775,0,0,0,-0.0
204031068,300,2.3,0.07296137339055794,0.1712795828319294,0.012496793597179399,5.703782474656201,-4.382283179804418,-2.6178251095094844,-1.7644580702949333,19.20440586799672,0,0,0,-0.0
204031069,298,2.3,0.08730476571886263,0.23374143547118947,0.020406741262602845,5.697093486505405,-3.891889978670721,-2.4383502274906843,-1.4535397511800368,15.146807606077584,0,0,0,-0.0
204031070,260,2.4,0.06526806526806526,0.15954773869346733,0.010413372222417448,5.560681631015528,-4.564664508138605,-2.729252408752813,-1.8354120993857919,20.836162071860247,0,0,0,-0.0
204031071,250,2.3,0.08530405405405406,0.20273972602739726,0.017294520547945207,5.521460917862246,-4.057365558981013,-2.4615332986026917,-1.5958322603783217,16.46221527920531,0,0,0,-0.0
204031072,210,2.2,0.05263157894736842,0.17817947062621045,0.009377866875063708,5.3471075307174685,-4.669402953866159,-2.9444389791664407,-1.7249639746997187,21.803323945574014,0,0,0,-0.0
204031073,290,2.4,0.07542632269348491,0.15029877890361132,0.01133648419802053,5.66988092298052,-4.479729064201382,-2.584598957551367,-1.895130106650015,20.06797248865059,0,0,0,-0.0
204031075,280,2.6,0.0754017305315204,0.14307603907297453,0.01078818094369771,5.634789603169249,-4.529304101162915,-2.5849250528851804,-1.944379048277735,20.5145956408112,0,0,0,-0.0
204031491,385,2.9,0.08713010803193988,0.14501486930662075,0.012635161228923508,5.953243334287785,-4.371271777722918,-2.4403527828459897,-1.9309189948769288,19.10801695471688,0,0,0,-0.0
204031492,260,2.2,0.07596425211665099,0.1931441453388145,0.014672050551372785,5.560681631015528,-4.2218109180423395,-2.577492416239182,-1.6443185018031576,17.8236874277015,0,0,0,-0.0
205011076,330,2.5,0.08134567461730154,0.1801952156981743,0.014658101383778151,5.799092654460526,-4.222762100884978,-2.5090476167699842,-1.7137144841149934,17.831719760670513,0,0,0,-0.0
205011077,250,2.5,0.07196969696969698,0.1798025816249051,0.012940337313913626,5.521460917862246,-4.347405922713306,-2.6315101239798757,-1.7158957987334305,18.89993825684273,0,0,0,-0.0
205011078,300,2.4,0.08618504435994931,0.16933556405353728,0.014594193099671148,5.703782474656201,-4.227131562283791,-2.4512586156697673,-1.7758729466140237,17.868641244855805,0,0,0,-0.0
205011079,320,2.5,0.10547417116422514,0.1873671424233222,0.019762394050509235,5.768320995793772,-3.9239744375989702,-2.249289179127994,-1.6746852584709764,15.397575386930155,0,0,0,-0.0
205021081,280,2.3,0.05864197530864197,0.18802601377199693,0.01102621685699982,5.634789603169249,-4.507479491222835,-2.8363045366258888,-1.671174954596946,20.317371363794468,0,0,0,-0.0
205021082,250,2.4,0.048604860486048604,0.17575392038600723,0.008542494780237974,5.521460917862246,-4.762702185009491,-3.024031743075356,-1.738670441934136,22.683332103094184,0,0,0,-0.0
205021084,270,2.2,0.04673913043478261,0.23118953780007165,0.010805597962394654,5.598421958998375,-4.5276909492871225,-3.0631735543495235,-1.464517394937599,20.499985332256525,0,0,0,-0.0
205021085,190,2.1,0.050662061024755324,0.22000891928051136,0.011146105294579736,5.247024072160486,-4.496665143030343,-2.9825779517628983,-1.5140871912674452,20.219997408544096,0,0,0,-0.0
205021086,310,2.1,0.061708860759493674,0.2162820696574459,0.01334652012126644,5.736572297479192,-4.316499593188599,-2.785327748017211,-1.5311718451713876,18.63216873799734,0,0,0,-0.0
205031087,250,2.1,0.05854084753167322,0.219987296210036,0.01287824276633675,5.521460917862246,-4.352215998798545,-2.8380305200016553,-1.5141854787968898,18.94178410019802,0,0,0,-0.0
205031089,280,2.5,0.06177606177606178,0.17831741515952043,0.011015747654642189,5.634789603169249,-4.508429424985714,-2.7842393394597567,-1.7241900855259573,20.325935880077015,0,0,0,-0.0
205031090,270,2.4,0.06367271608735774,0.1785776386715354,0.01137052328668343,5.598421958998375,-4.476730948823732,-2.7539991270385364,-1.722731821785196,20.041119988156236,0,0,0,-0.0
205031091,330,2.2,0.07578659370725034,0.25371403724907604,0.019228122658821904,5.799092654460526,-3.951381349793429,-2.5798338659965405,-1.3715474837968886,15.61341457149534,0,0,0,-0.0
205031093,298,2.2,0.07271885132005558,0.2135712152881457,0.015530653450782249,5.697093486505405,-4.164939566030484,-2.621154625166499,-1.543784940863985,17.346721588686197,0,0,0,-0.0
205041094,230,2.5,0.10443864229765012,0.18451981195433176,0.01927099863752812,5.438079308923196,-3.949153974466988,-2.25915553506671,-1.6899984394002783,15.595817114048407,0,0,0,-0.0
205041095,210,2.2,0.06281352235550709,0.21178647851483431,0.013303054702785668,5.3471075307174685,-4.3197615932249525,-2.767584904554619,-1.5521766886703332,18.66034022230138,0,0,0,-0.0
205041096,215,2.2,0.06308851224105462,0.2795177383592018,0.017634358258066404,5.3706380281276624,-4.0379061061991655,-2.763216582410918,-1.2746895237882478,16.304685722480507,0,0,0,-0.0
205041098,250,2.6,0.07158836689038031,0.13490545995326111,0.009657661562649566,5.521460917862246,-4.640003734322293,-2.636822691813842,-2.0031810425084506,21.529634654524823,0,0,0,-0.0
205041493,250,2.3,0.09557522123893805,0.19525,0.018661061946902657,5.521460917862246,-3.9813161748445083,-2.3478416845821664,-1.6334744902623417,15.850878484078507,0,0,0,-0.0
205041494,300,2.4,0.10433884297520661,0.17988348591130662,0.018768834790332613,5.703782474656201,-3.975557508609399,-2.2601115704353174,-1.7154459381740814,15.80505750426057,0,0,0,-0.0
205051100,200,2.2,0.07544006705783739,0.21281790437436418,0.016054996977110457,5.298317366548036,-4.13173513972405,-2.584416751767651,-1.5473183879563988,17.071235264830516,0,0,0,-0.0
205051101,250,2.4,0.05779504613890238,0.1604093250203307,0.0092708643406602,5.521460917862246,-4.680878663118842,-2.85085221391626,-1.8300264492025824,21.91062505884124,0,0,0,-0.0
205051102,236,2.5,0.03471882640586797,0.2226055194805195,0.007728602387832217,5.4638318050256105,-4.862827236373712,-3.3604731914355868,-1.5023540449381254,23.647088730817995,0,0,0,-0.0
205051103,280,2.3,0.09135172733596104,0.185674138945167,0.01696165331425824,5.634789603169249,-4.076800170217535,-2.3930380873499093,-1.6837620828676254,16.62029962788572,0,0,0,-0.0
205051104,240,2.2,0.04113687359760658,0.2094558429973238,0.008616358537661038,5.480638923341991,-4.754092726987691,-3.190850391869472,-1.5632423351182185,22.601397656797264,0,0,0,-0.0
206011106,421,2.0,0.4185303514376997,0.3403203014601978,0.14243437537152048,6.042632833682381,-1.9488739090556706,-0.8710058673390016,-1.0778680417166688,3.79810951339793,1,0,1,-1.9488739090556706
206011107,365,2.1,0.3283325135268077,0.33468361503003213,0.10988751255904892,5.8998973535824915,-2.208298049514787,-1.113728423353942,-1.094569626160845,4.876580275490813,1,0,1,-2.208298049514787
206011109,421,2.7,0.20166720102596986,0.2539942252165544,0.05122230447618234,6.042632833682381,-2.9715802074973117,-1.6011364599073628,-1.370443747589949,8.830288929589766,1,0,0,-0.0
206011495,431,2.2,0.40389648153533003,0.33328161365399533,0.1346112711152659,6.066108090103747,-2.005364127422455,-0.9065966676779225,-1.0987674597445325,4.021485283552824,1,0,1,-2.005364127422455
206011496,450,2.1,0.44337979094076657,0.33682507894939534,0.1493414330881901,6.1092475827643655,-1.901520097276322,-0.8133285603289889,-1.088191536947333,3.6157786803457532,1,0,1,-1.901520097276322
206011497,416,2.4,0.3129059587687094,0.36067012365376944,0.1128558308411117,6.030685260261263,-2.1816441081024633,-1.1618525848046746,-1.0197915232977885,4.759571014418193,1,0,1,-2.1816441081024633
206011498,450,2.6,0.23513379583746283,0.30076259710640724,0.07071945110356305,6.1092475827643655,-2.6490346222275103,-1.4476005828635716,-1.2014340393639384,7.017384429760048,1,0,1,-2.6490346222275103
206021110,381,2.3,0.27486910994764396,0.25583722481654436,0.07032175027679884,5.942799375126701,-2.654674135744339,-1.2914602584490518,-1.3632138772952869,7.047294766989952,1,0,0,-0.0
206021112,396,2.3,0.27341105678826627,0.2952058776890956,0.08071255098908331,5.981414211254481,-2.5168611892926185,-1.2967789137095005,-1.2200822755831182,6.334590246167454,1,0,0,-0.0
206021499,461,2.4,0.2681359044995409,0.2735598619591187,0.07335122102117783,6.133398042996649,-2.612496128026206,-1.3162613206646787,-1.2962348073615273,6.825136018951917,1,0,0,-0.0
206021500,490,2.3,0.2813342318059299,0.2821633168268764,0.0793821999833025,6.194405391104672,-2.533481117431989,-1.2682118794364157,-1.2652692379955734,6.41852657238444,1,0,0,-0.0
206031113,370,2.4,0.21692439862542956,0.32749654400631956,0.0710419908604774,5.91350300563827,-2.6444841561909382,-1.5282063795759686,-1.1162777766149694,6.993296452344898,1,0,1,-2.6444841561909382
206031115,324,2.0,0.28774928774928776,0.4410369553226696,0.12690806976521263,5.780743515792329,-2.0642923147532124,-1.2456657066246064,-0.818626608128606,4.261302760749175,1,0,1,-2.0642923147532124
206031116,400,2.2,0.26859122401847574,0.3141025641025641,0.08436519215964942,5.991464547107982,-2.4726003776167818,-1.3145646684778711,-1.1580357091389104,6.113752627390651,1,0,1,-2.4726003776167818
206031501,382,2.5,0.22678683714106057,0.26567759630968707,0.06025218176631344,5.945420608606575,-2.8092164953779877,-1.4837447461096802,-1.3254717492683075,7.891697317903783,1,0,0,-0.0
206031502,371,2.2,0.25874125874125875,0.2925108686736117,0.07568463035610933,5.916202062607435,-2.581180172757743,-1.3519267176156828,-1.2292534551420604,6.6624910842376925,1,0,0,-0.0
206041117,365,1.8,0.6303535856573705,0.6137496247373161,0.3868792766490328,5.8998973535824915,-0.9496425812611564,-0.46147436996160124,-0.4881682112995552,0.901821032144352,1,0,1,-0.9496425812611564
206041118,411,1.8,0.3550397592950784,0.703027173562254,0.24960259847944197,6.018593214496234,-1.3878852319663668,-1.0355254977637252,-0.35235973420264155,1.926225417110336,1,0,1,-1.3878852319663668
206041119,480,1.8,0.3761105626850938,0.3278186274509804,0.12329604842924337,6.173786103901937,-2.093166917750028,-0.9778721291219824,-1.1152947886280458,4.381347745563152,1,0,1,-2.093166917750028
206041120,401,1.8,0.7391304347826086,0.45454545454545453,0.33596837944664026,5.993961427306569,-1.090738232237204,-0.3022808718729337,-0.7884573603642702,1.1897098912639406,1,0,1,-1.090738232237204
206041121,416,2.1,0.31994689678061733,0.3469520707305724,0.11100623836185589,6.030685260261263,-2.1981688777908848,-1.1396002445197555,-1.058568633271129,4.831946415288438,1,0,1,-2.1981688777908848
206041124,396,2.1,0.7053831874834261,0.42757297519528575,0.30160278812502256,5.981414211254481,-1.1986443984447044,-0.3490140954826124,-0.849630302962092,1.4367483939228674,1,0,1,-1.1986443984447044
206041125,457,1.8,0.24388789505068575,0.4088432196792776,0.09971191225332413,6.124683390894205,-2.305470128175458,-1.411046605780407,-0.894423522395051,5.315192511909363,1,0,1,-2.305470128175458
206041503,375,1.7,0.4275895925380461,0.6934402924451666,0.2965078520960923,5.926926025970411,-1.2156815782775032,-0.849591439374303,-0.3660901389032001,1.477881699763281,1,0,1,-1.2156815782775032
206041504,361,1.7,0.5691165059306064,0.8390041493775934,0.47749110995505645,5.8888779583328805,-0.7392097371298371,-0.563670110225553,-0.17553962690428393,0.5464310354675628,1,0,1,-0.7392097371298371
206041505,376,1.7,0.4381849050779441,0.7731978527607362,0.33880362771843336,5.929589143389895,-1.082334608710107,-0.8251142999769862,-0.2572203087331208,1.1714482052116602,1,0,1,-1.082334608710107
206041506,381,2.0,0.4107488702388638,0.5116710366438575,0.21016830023541275,5.942799375126701,-1.5598466395455224,-0.8897732725521361,-0.6700733669933864,2.433121538901459,1,0,1,-1.5598466395455224
206041508,430,1.8,0.3559133814547474,0.6483057403682501,0.2307406882709874,6.063785208687608,-1.466460760601998,-1.033067888255286,-0.43339287234671203,2.15050716238539,1,0,1,-1.466460760601998
206041509,408,1.8,0.44504612916165265,0.675051239053475,0.3004289409265265,6.0112671744041615,-1.2025440224326607,-0.8095773411509092,-0.39296668128175155,1.4461121258885234,1,0,1,-1.2025440224326607
206041510,390,1.9,0.4033519553072626,0.5891753961858716,0.2376450480705024,5.966146739123692,-1.4369771132084226,-0.9079457599419744,-0.5290313532664483,2.0649032238848117,1,0,1,-1.4369771132084226
206051128,493,2.1,0.2413711021185432,0.3849605055292259,0.0929183414917008,6.20050917404269,-2.376034220015578,-1.4214196870182536,-0.9546145329973246,5.6455386146850355,1,0,1,-2.376034220015578
206051129,415,1.9,0.23578050613881232,0.3223107031988123,0.07599458073417248,6.028278520230698,-2.5770932473675185,-1.4448539654633543,-1.1322392819041642,6.6414096056272625,1,0,1,-2.5770932473675185
206051130,522,2.1,0.17286382664368383,0.3433794466403162,0.0593578851370357,6.257667587882639,-2.8241703085030507,-1.7552511236604866,-1.0689191848425639,7.975937931430217,1,0,1,-2.8241703085030507
206051134,384,1.9,0.27931722456218133,0.3796875988111048,0.10605328630059678,5.950642552587727,-2.243813610232836,-1.2754071374628722,-0.9684064727699639,5.034699517466113,1,0,1,-2.243813610232836
206051511,585,2.1,0.22135007849293564,0.5799685369690614,0.1283760811815348,6.371611847231857,-2.052791188712134,-1.508009765193995,-0.544781423518139,4.213951664454176,1,0,1,-2.052791188712134
206051512,421,1.9,0.2516254876462939,0.4069101171641153,0.10238895665963109,6.042632833682381,-2.2789764173132228,-1.3798134570358074,-0.8991629602774155,5.193733510669812,1,0,1,-2.2789764173132228
206051513,381,1.7,0.27241847826086957,0.4571982794973433,0.12454925956415398,5.942799375126701,-2.083053982179985,-1.3004158719822523,-0.7826381101977324,4.339113892675893,1,0,1,-2.083053982179985
206051514,392,1.7,0.24119947848761408,0.4606003752345216,0.11109657029776596,5.971261839790462,-2.197355453220201,-1.4221309762889314,-0.7752244769312693,4.828370987796554,1,0,1,-2.197355453220201
206061135,421,2.0,0.2982456140350877,0.3273350471293916,0.09762624212630977,6.042632833682381,-2.326608947458315,-1.209837923778334,-1.1167710236799808,5.413109194393089,1,0,1,-2.326608947458315
206061136,421,1.8,0.3535777385159011,0.36618023955227785,0.12947318099010532,6.042632833682381,-2.04428151589151,-1.0396519068863042,-1.0046296090052063,4.179086916215691,1,0,1,-2.04428151589151
206061138,490,2.1,0.2779955207166853,0.3711881417432255,0.10318864074776678,6.194405391104672,-2.2711965022664296,-1.280150277951217,-0.9910462243152125,5.158333551907264,1,0,1,-2.2711965022664296
206061515,426,1.6,0.43267678398450116,0.5000893495353824,0.21637705146187036,6.054439346269371,-1.5307327844822032,-0.8377642870282457,-0.6929684974539575,2.343142857488639,1,0,1,-1.5307327844822032
206061516,395,1.8,0.3272196748645269,0.4246906127377,0.1389671242180469,5.978885764901122,-1.9735178902427928,-1.117123545057286,-0.8563943451855068,3.894772863108364,1,0,1,-1.9735178902427928
206071139,425,1.9,0.3654441007512152,0.39403609154929575,0.14399816513975588,6.052089168924417,-1.937954721572346,-1.006641950609846,-0.9313127709625,3.755668502864549,1,0,1,-1.937954721572346
206071140,541,2.3,0.43089074155331286,0.26105546054238943,0.11248638097965179,6.293419278846481,-2.184923122624419,-0.8419007208912184,-1.3430224017332009,4.773889051778842,1,0,0,-0.0
206071141,425,1.9,0.3371996685998343,0.41616733849003157,0.1403314886209137,6.052089168924417,-1.9637478792734067,-1.0870800356549366,-0.8766678436184702,3.856305733350802,1,0,1,-1.9637478792734067
206071142,451,2.0,0.3125,0.39746908254242164,0.12420908829450676,6.111467339502679,-2.085788937485927,-1.1631508098056809,-0.9226381276802462,4.350515491738673,1,0,1,-2.085788937485927
206071143,481,2.2,0.34138625251653726,0.28925749158907754,0.09874853106592897,6.175867270105761,-2.315178750593276,-1.0747407373981934,-1.2404380131950825,5.360052647198642,1,0,0,-0.0
206071145,500,2.3,0.27196500182282174,0.2510400811770675,0.06827411613492249,6.214608098422191,-2.6842245573682297,-1.3020818907338423,-1.3821426666343872,7.2050614743786685,1,0,0,-0.0
206071517,508,2.1,0.3438170121515368,0.2824967460811499,0.09712718718015233,6.230481447578482,-2.331733951318512,-1.06764570455972,-1.2640882467587922,5.43698321973144,1,0,0,-0.0
206071518,400,1.9,0.3322928490351873,0.4256868825268623,0.14145270699175816,5.991464547107982,-1.9557898439715278,-1.1017386234583528,-0.854051220513175,3.825113913782173,1,0,1,-1.9557898439715278
207011146,455,2.8,0.21467181467181468,0.307092555331992,0.06592411612532338,6.12029741895095,-2.719250954108761,-1.538644860443001,-1.1806060936657599,7.394325751421407,0,1,1,-2.719250954108761
207011147,461,2.6,0.2551416375630578,0.47027160799356554,0.1199858681628907,6.133398042996649,-2.120381308444214,-1.3659364466004456,-0.7544448618437682,4.496016893199596,0,1,1,-2.120381308444214
207011148,554,2.9,0.23165647581989995,0.4576054537707712,0.10600726673650301,6.317164686747284,-2.244247633101843,-1.4624997123196297,-0.7817479207822134,5.036647438683225,0,1,1,-2.244247633101843
207011149,490,2.6,0.2653828794945088,0.3398172569706104,0.09018168215678601,6.194405391104672,-2.4059289528388628,-1.3265816674748454,-1.0793472853640176,5.788494126108307,0,1,1,-2.4059289528388628
207011150,522,2.7,0.24306688417618272,0.29039158595281955,0.070584577988532,6.257667587882639,-2.6509436004336706,-1.4144186299907522,-1.2365249704429184,7.027501972680232,0,1,0,-0.0
207011152,411,2.2,0.3051524710830705,0.3418770721754654,0.1043246333809885,6.018593214496234,-2.2602477667116205,-1.1869437220953027,-1.0733040446163178,5.108719966924868,0,1,1,-2.2602477667116205
207011154,466,2.7,0.24293243890752275,0.30345572354211664,0.07371923902053336,6.144185634125646,-2.607491468798451,-1.4149719034860175,-1.1925195653124336,6.799011759856704,0,1,1,-2.607491468798451
207011155,475,2.7,0.2487936691758348,0.3102107375815354,0.07717846762065221,6.163314804034641,-2.56163477768687,-1.3911313638756009,-1.170503413811269,6.561972734254861,0,1,1,-2.56163477768687
207011519,401,2.2,0.37069753274444106,0.2885743174924166,0.10697378750784982,5.993961427306569,-2.2351714510940415,-0.9923688245140655,-1.242802626579976,4.995991415785843,0,1,0,-0.0
207011520,400,2.0,0.38393574297188754,0.34640796186334366,0.13299839820938014,5.991464547107982,-2.0174181943714022,-0.957280076407352,-1.0601381179640506,4.069976170980769,0,1,1,-2.0174181943714022
207011521,501,2.6,0.2849519743863394,0.3293681579174209,0.09385410689856072,6.2166061010848646,-2.3660137566666792,-1.2554346238381726,-1.1105791328285068,5.598021096735972,0,1,1,-2.3660137566666792
207011522,456,2.5,0.25119077463023315,0.3455019556714472,0.0867869038813713,6.1224928095143865,-2.4442995456416305,-1.3815425702605966,-1.062756975381034,5.974600268823882,0,1,1,-2.4442995456416305
207021156,460,2.6,0.23055841041452552,0.43883426344228893,0.10117693021468326,6.131226489483141,-2.290884510421629,-1.4672510412093869,-0.8236334692122421,5.248151840089747,0,1,1,-2.290884510421629
207021157,450,2.4,0.2449245939675174,0.579592165712904,0.14195637585398707,6.1092475827643655,-1.9522354808761064,-1.406804895535729,-0.5454305853403776,3.8112233727915625,0,1,1,-1.9522354808761064
207021159,513,2.8,0.19821162444113263,0.4546151125780974,0.09010999995959307,6.240275845170769,-2.406724133183609,-1.618420008749928,-0.7883041244336808,5.792321053248394,0,1,1,-2.406724133183609
207021160,475,2.7,0.17575913535769427,0.42794729053625535,0.07521564576332022,6.163314804034641,-2.5873960143035575,-1.7386407703665954,-0.8487552439369622,6.694618134833935,0,1,1,-2.5873960143035575
207021424,497,2.8,0.21170970614425647,0.5297345584481878,0.1121499477035233,6.208590026096629,-2.187918484324336,-1.5525392533129434,-0.6353792310113926,4.7869872940480995,0,1,1,-2.187918484324336
207021425,460,2.6,0.1727292065517975,0.565872913161641,0.09774277929956446,6.131226489483141,-2.3254159519032793,-1.7560301908624525,-0.5693857610408267,5.407559349366235,0,1,1,-2.3254159519032793
207031161,420,2.6,0.2171945701357466,0.3613950963539311,0.07849305260175879,6.040254711277414,-2.5447451599987208,-1.5269616906098618,-1.0177834693888588,6.475727929336915,0,1,1,-2.5447451599987208
207031162,410,2.6,0.19690533980582525,0.39866532589816256,0.07849933146477776,6.016157159698354,-2.5446651706022965,-1.6250321743252722,-0.9196329962770243,6.475320830476415,0,1,1,-2.5446651706022965
207031163,391,2.3,0.29793510324483774,0.5886344730966245,0.17537487251551348,5.968707559985366,-1.7408294674848597,-1.210879590539191,-0.5299498769456689,3.03048723486362,0,1,1,-1.7408294674848597
207031164,438,2.6,0.22208758871386533,0.46005737614476444,0.10217303333801848,6.082218910376446,-2.281087497693371,-1.5046834311656292,-0.7764040665277416,5.203360172133004,0,1,1,-2.281087497693371
207031165,401,2.4,0.41131105398457585,0.5333171206225681,0.21935922699128765,5.993961427306569,-1.5170445871017322,-0.8884055283846194,-0.6286390587171129,2.301424279254665,0,1,1,-1.5170445871017322
207031166,439,2.6,0.2603924176920519,0.5466978922716628,0.1423559859157672,6.0844994130751715,-1.949424415451875,-1.3455654869977258,-0.603858928454149,3.8002555515598844,0,1,1,-1.949424415451875
207031167,462,2.5,0.2613418530351438,0.3275624631123352,0.08560578109453362,6.135564891081739,-2.45800246196381,-1.3419259469314517,-1.1160765150323584,6.041776103020151,0,1,1,-2.45800246196381
208011168,612,2.7,0.18164794007490637,0.2637472362884245,0.0479091421722419,6.416732282512326,-3.0384489332308733,-1.705684860456812,-1.3327640727740615,9.232171919851831,0,1,0,-0.0
208011169,600,2.4,0.21565641181845874,0.3090341857808243,0.06664520363473153,6.396929655216146,-2.7083721984168085,-1.5340688238078728,-1.1743033746089357,7.335279965157096,0,1,1,-2.7083721984168085
208011170,602,2.7,0.18042584983190138,0.3269044740024184,0.05898201753573705,6.400257445308821,-2.8305226690634573,-1.7124353898677798,-1.1180872791956773,8.011858580082118,0,1,1,-2.8305226690634573
208011171,450,2.5,0.16530450830477195,0.3079025645148324,0.050897682032902694,6.1092475827643655,-2.9779378960912513,-1.7999660010559781,-1.1779718950352729,8.868114112976388,0,1,1,-2.9779378960912513
208011172,471,2.5,0.20441202632983455,0.3141758241758242,0.06422131684362604,6.154858094016418,-2.7454200853359487,-1.5876175851533194,-1.1578025001826295,7.537331444966048,0,1,1,-2.7454200853359487
208011173,486,2.4,0.19625226677412855,0.2908745247148289,0.057084784822132445,6.186208623900494,-2.8632176632901802,-1.6283543719449056,-1.2348632913452744,8.19801538737688,0,1,0,-0.0
208021174,491,2.6,0.20067516879219804,0.3994617609254499,0.08016205629974332,6.19644412779452,-2.523704989532693,-1.6060677538426475,-0.9176372356900455,6.36908687419221,0,1,1,-2.523704989532693
208021176,395,2.2,0.3026762156049755,0.4621236646163807,0.13987384194758903,5.978885764901122,-1.9670143915793945,-1.1950916401909781,-0.7719227513884164,3.8691456166804556,0,1,1,-1.9670143915793945
208021177,426,2.4,0.26540662851058167,0.39026026294606925,0.10357766063016932,6.054439346269371,-2.267433603391379,-1.326492181847377,-0.9409414215440021,5.141255145788414,0,1,1,-2.267433603391379
208021178,483,2.5,0.21338833677104818,0.4133886583679115,0.08821231824914369,6.180016653652572,-2.428008663032613,-1.544641595914326,-0.8833670671182868,5.895226067761417,0,1,1,-2.428008663032613
208021179,426,2.3,0.21034180543382996,0.3263608870967742,0.06864733821492182,6.054439346269371,-2.67877292079121,-1.5590214265200844,-1.1197514942711253,7.17582436116427,0,1,1,-2.67877292079121
208021180,416,2.5,0.2518018018018018,0.41993917757503635,0.10574144156056095,6.030685260261263,-2.2467583952002292,-1.379113001711226,-0.8676453934890032,5.0479232864027095,0,1,1,-2.2467583952002292
208021181,390,2.4,0.2702410939186758,0.36353933183904363,0.09824326671864764,5.966146739123692,-2.3203085627069235,-1.3084407779783689,-1.0118677847285547,5.383831826171069,0,1,1,-2.3203085627069235
208021182,391,2.3,0.2558431766775572,0.4592474101157831,0.11749531628496285,5.968707559985366,-2.1413568075969818,-1.3631906133164606,-0.7781661942805213,4.585408977441937,0,1,1,-2.1413568075969818
208021426,508,2.8,0.1657288074060628,0.40101308569016464,0.06645942044565625,6.230481447578482,-2.711163736441947,-1.797402516877748,-0.9137612195641989,7.3504088057978585,0,1,1,-2.711163736441947
208021427,490,2.6,0.16440763052208834,0.3571885893149321,0.058724529618795304,6.194405391104672,-2.8348977583662975,-1.805406383069237,-1.0294913752970603,8.036645300390258,0,1,1,-2.8348977583662975
208031183,510,3.0,0.17861080485115766,0.3689144922625099,0.06589211438426307,6.234410725718371,-2.7197365049633913,-1.7225461148827526,-0.9971903900806387,7.396966656430482,0,1,1,-2.7197365049633913
208031185,420,2.4,0.14252645502645503,0.2791722074468085,0.039789425069303726,6.040254711277414,-3.2241541037730044,-1.9482276471956759,-1.2759264565773285,10.395169684876304,0,1,0,-0.0
208031186,381,2.2,0.13059219032841995,0.28124177847934756,0.03672797986347828,5.942799375126701,-3.304216420296141,-2.0356758623319373,-1.2685405579642035,10.917846152154643,0,1,0,-0.0
208031187,412,2.6,0.12307692307692308,0.2851844984238828,0.03509963057524712,6.021023349349527,-3.3495646734874387,-2.094945728215801,-1.2546189452716376,11.219583501875011,0,1,0,-0.0
208031188,421,2.3,0.16648764769065522,0.3500518995225244,0.058279317321150687,6.042632833682381,-2.842508011499466,-1.7928341603578204,-1.0496738511416455,8.079851795438648,0,1,1,-2.842508011499466
208031189,440,2.6,0.1505349589450112,0.22273833222738332,0.033529905697329415,6.0867747269123065,-3.3953175309944026,-1.8935599364183595,-1.5017575945760429,11.528181136277926,0,1,0,-0.0
208031190,392,2.3,0.17824339839265213,0.31355611123740246,0.05588930685373907,5.971261839790462,-2.8843822077502557,-1.7246052560389147,-1.159776951711341,8.319660720386238,0,1,1,-2.8843822077502557
208031191,440,2.6,0.1573806078147612,0.3861342694164107,0.060770046018863474,6.0867747269123065,-2.8006582755723084,-1.8490881537988764,-0.951570121773432,7.843686776531656,0,1,1,-2.8006582755723084
208031192,486,3.0,1.0,0.8846153846153846,0.8846153846153846,6.186208623900494,-0.12260232209233239,0.0,-0.12260232209233239,0.015031329382432014,0,1,1,-0.12260232209233239
208031193,400,2.5,0.16846513126107263,0.270909005141752,0.045638721111011846,5.991464547107982,-3.0869987756119808,-1.7810264867400247,-1.305972288871956,9.529561440629868,0,1,0,-0.0
208041194,410,2.3,0.2697957116326186,0.2958644201788626,0.07982295178892833,6.016157159698354,-2.5279441994774317,-1.310090229950745,-1.2178539695266866,6.390501875671593,0,1,0,-0.0
208041195,421,2.5,0.2888480045287291,0.3257765816722164,0.09409991553821025,6.042632833682381,-2.363398129966017,-1.2418546651092457,-1.1215434648567715,5.585650720726867,0,1,1,-2.363398129966017
209011196,385,2.7,0.19391365888181175,0.34228460990743564,0.06637366108608447,5.953243334287785,-2.7124549715845534,-1.6403422762964572,-1.0721126952880962,7.35741197287376,0,0,1,-2.7124549715845534
209011197,400,2.6,0.1580958999305073,0.2236747248522132,0.035362056917219255,5.991464547107982,-3.342115872168707,-1.8445534684963627,-1.4975624036723447,11.169738503001998,0,0,0,-0.0
209011198,401,2.4,0.20273794002607562,0.30301140968888335,0.06143190900472146,5.993961427306569,-2.789825888190806,-1.5958410697479675,-1.1939848184428385,7.783128486419619,0,0,1,-2.789825888190806
209011199,353,2.3,0.22317018410417602,0.3656073256127121,0.08159265416682439,5.8664680569332965,-2.5060160435297285,-1.4998206411607389,-1.0061954023689896,6.280116410428394,0,0,1,-2.5060160435297285
209011200,440,2.4,0.26142697881828314,0.2974795312249157,0.07776917510840883,6.0867747269123065,-2.554010133141248,-1.3416002741724622,-1.2124098589687857,6.522967760188176,0,0,0,-0.0
209011201,451,2.7,0.2404679376083189,0.24741602067183463,0.05949562022221327,6.111467339502679,-2.821852578850582,-1.4251685138815557,-1.3966840649690264,7.96285197676568,0,0,0,-0.0
209011202,415,2.5,0.15181088700932552,0.195598282846605,0.029693948816444046,6.028278520230698,-3.5168119974860934,-1.8851196971633009,-1.6316923003227923,12.367966625662126,0,0,0,-0.0
209011203,400,2.6,0.16443629697525206,0.2879944482997918,0.04735674062784844,5.991464547107982,-3.050046111977199,-1.8052320362083751,-1.2448140757688237,9.30278128518723,0,0,0,-0.0
209011204,390,2.6,0.16262135922330098,0.24361195322650497,0.03961650695673746,5.966146739123692,-3.2285094052344805,-1.8163307299585603,-1.4121786752759202,10.423272979687498,0,0,0,-0.0
209021205,369,2.6,0.3862050456253355,0.4632013835511145,0.1788907114680767,5.910796644040527,-1.7209802100608849,-0.951386844274166,-0.769593365786719,2.9617728834212076,0,0,1,-1.7209802100608849
209021428,391,2.3,0.25976971388695047,0.3796050407995751,0.09860989283854978,5.968707559985366,-2.316583689358399,-1.3479597562640535,-0.9686239330943454,5.36655998980137,0,0,1,-2.316583689358399
209021429,400,2.5,0.21525148729042726,0.3307340894770006,0.07119100465756963,5.991464547107982,-2.642388807624739,-1.535948226102687,-1.1064405815220517,6.98221861066049,0,0,1,-2.642388807624739
209021523,358,2.3,0.20747198007471981,0.4324433930381886,0.08971988702386328,5.8805329864007,-2.411062828538866,-1.5727589842140193,-0.8383038443248467,5.813223963161838,0,0,1,-2.411062828538866
209021524,371,2.6,0.17076983196561157,0.4436282012039588,0.07575831337480657,5.916202062607435,-2.5802070930922785,-1.7674386410641987,-0.8127684520280798,6.657468643243706,0,0,1,-2.5802070930922785
209021525,349,2.3,0.19770474700052165,0.41487616220017187,0.08202298668433236,5.855071922202427,-2.5007557455830254,-1.620980537963218,-0.8797752076198073,6.2537792990665135,0,0,1,-2.5007557455830254
209021526,361,2.4,0.18973981345115365,0.3611781405251952,0.06852987300588509,5.8888779583328805,-2.6804855265032224,-1.6621015481993293,-1.018383978303893,7.185002657793257,0,0,1,-2.6804855265032224
209031209,446,2.8,0.15935465609963204,0.2079849854973554,0.033143375837818026,6.100318952020064,-3.4069124062146128,-1.8366230192194548,-1.5702893869951577,11.607052143619043,0,0,0,-0.0
209031210,420,2.8,0.15369836695485112,0.13871693866066404,0.021320566941120316,6.040254711277414,-3.8480830880530483,-1.8727632533811418,-1.9753198346719065,14.807743452559885,0,0,0,-0.0
209031211,306,2.7,0.06102212051868802,0.19909609895337774,0.012149266145133652,5.723585101952381,-4.410486510597185,-2.7965188490898183,-1.6139676615073664,19.45239126015973,0,0,0,-0.0
209031212,300,2.9,0.14924346629986246,0.18601453545472402,0.027761454053421675,5.703782474656201,-3.584106765269263,-1.9021763045530051,-1.6819304607162577,12.845821304848899,0,0,0,-0.0
209031213,480,3.0,0.16569767441860464,0.2165221070446372,0.03587720959751256,6.173786103901937,-3.3276530152307404,-1.7975903895388483,-1.530062625691892,11.073274589774238,0,0,0,-0.0
209031214,462,3.0,0.1765504753282028,0.1734679163662581,0.0306258430886558,6.135564891081739,-3.485911081070678,-1.734148464296425,-1.751762616774253,12.151576065131342,0,0,0,-0.0
209031215,429,2.9,0.16395348837209303,0.1675105777901089,0.027463943567913204,6.061456918928017,-3.5948812775946157,-1.808172498869385,-1.7867087787252307,12.923171400000296,0,0,0,-0.0
209041216,381,2.7,0.3006993006993007,0.41877551020408166,0.1259255030683602,5.942799375126701,-2.0720647923744027,-1.201644514566345,-0.8704202778080578,4.293452503797576,0,0,1,-2.0720647923744027
209041217,380,2.4,0.22893772893772893,0.4827028774652441,0.11050890051859984,5.940171252720432,-2.202659213588483,-1.4743052384426039,-0.7283539751458792,4.851707611206234,0,0,1,-2.202659213588483
209041220,365,2.8,0.18825015792798483,0.3884945621064682,0.07313416267070595,5.8998973535824915,-2.615459679799952,-1.6699835733756077,-0.945476106424344,6.8406293366592665,0,0,1,-2.615459679799952
209041221,369,2.7,0.19152485819152487,0.40604982206405693,0.07776863458951241,5.910796644040527,-2.5540170834628126,-1.6527376709970967,-0.9012794124657159,6.523003262619891,0,0,1,-2.5540170834628126
209041223,350,2.6,0.15448048378229798,0.564006400640064,0.08712798162718967,5.857933154483459,-2.4403771880802543,-1.8676875091843763,-0.5726896788958779,5.955440820102488,0,0,1,-2.4403771880802543
209041224,361,3.0,0.08694452111509798,0.23891810668670171,0.02077262037160117,5.8888779583328805,-3.874119487684379,-2.4424850520694443,-1.4316344356149349,15.008801804855874,0,0,0,-0.0
209041225,375,2.8,0.09606060606060605,0.25813713535315636,0.024796809668772898,5.926926025970411,-3.697040276474532,-2.342775973577291,-1.354264302897241,13.668106805874885,0,0,0,-0.0
209041431,360,2.9,0.12181493071077336,0.4243000608642727,0.0516860825147583,5.886104031450156,-2.962566730714381,-2.105252347386831,-0.8573143833275503,8.776801633935694,0,0,1,-2.962566730714381
209041432,350,2.7,0.14369747899159663,0.47440273037542663,0.06817047638167895,5.857933154483459,-2.685743705489291,-1.9400450296029152,-0.7456986758863755,7.213219251575348,0,0,1,-2.685743705489291
209041433,381,3.2,0.12761020881670534,0.49065305114057484,0.06261233831260236,5.942799375126701,-2.770792922651868,-2.0587749048712767,-0.7120180177805913,7.67729342021768,0,0,1,-2.770792922651868
209041435,400,3.2,0.14918521918751435,0.33402143707820564,0.04983106130384064,5.991464547107982,-2.999116768423949,-1.9025666632277594,-1.0965501051961897,8.99470139064171,0,0,1,-2.999116768423949
209041436,380,2.8,0.15327499337045877,0.34990316333118143,0.05363140503988939,5.940171252720432,-2.925620467563202,-1.8755216285859795,-1.0500988389772223,8.559255120224728,0,0,1,-2.925620467563202
209041437,391,3.3,0.11953017042837402,0.5356250256074077,0.06402335059655563,5.968707559985366,-2.74850740909398,-2.1241864672723487,-0.6243209418216316,7.554292977844503,0,0,1,-2.74850740909398
209041527,400,3.1,0.10061919504643962,0.1998282103196515,0.020106553669933976,5.991464547107982,-3.906709463830364,-2.2964122338869646,-1.6102972299433993,15.262378834781732,0,0,0,-0.0
209041528,386,2.9,0.11046847888953153,0.2644446566708051,0.029212798972888244,5.955837369464831,-3.533148344753161,-2.2030250576366606,-1.3301232871165003,12.483137226032001,0,0,0,-0.0
209041529,350,2.6,0.14799154334038056,0.5556449180657484,0.08223074897378942,5.857933154483459,-2.498225971761725,-1.910600146442574,-0.587625825319151,6.241133005984815,0,0,1,-2.498225971761725
209041530,366,2.9,0.14558184451955578,0.5120994597794716,0.07455238393216354,5.902633333401366,-2.5962532606547146,-1.927016845228344,-0.6692364154263709,6.740530993460237,0,0,1,-2.5962532606547146
209041531,378,2.9,0.11350499211770888,0.37516408506169596,0.042582996517775265,5.934894195619588,-3.156300248160721,-2.1759084596119846,-0.9803917885487367,9.96223125653943,0,0,1,-3.156300248160721
209041532,390,3.2,0.11532882011605416,0.39288107202680067,0.04531051048278142,5.966146739123692,-3.094216253918059,-2.1599679252999238,-0.934248328618135,9.574174226010705,0,0,1,-3.094216253918059
210011226,401,2.3,0.16104294478527606,0.27823320690077086,0.04480749497635113,5.993961427306569,-3.105379854974778,-1.8260842117691296,-1.2792956432056484,9.643384043683174,0,0,0,-0.0
210011228,396,2.6,0.1434957532409477,0.27620496022461394,0.03963423881631698,5.981414211254481,-3.228061917713639,-1.9414498383601138,-1.2866120793535254,10.420383744593058,0,0,0,-0.0
210011230,435,2.6,0.18983355825461087,0.2386058981233244,0.04529540666128785,6.075346031088684,-3.094549649839861,-1.6616075999281847,-1.4329420499116758,9.576237535324005,0,0,0,-0.0
210011231,450,2.8,0.18150577944392376,0.21642906988336158,0.03928312702350299,6.1092475827643655,-3.236960190123145,-1.7064677831179518,-1.5304924070051933,10.477911272442068,0,0,0,-0.0
210011533,400,2.6,0.16720884840598568,0.43743945753955443,0.07314374794252797,5.991464547107982,-2.6153286241703553,-1.788511658643376,-0.8268169655269791,6.839943812404804,0,0,1,-2.6153286241703553
210011534,408,2.6,0.1547881459710997,0.3232269621176939,0.05003170219406872,6.0112671744041615,-2.9950984305935147,-1.8656978971727183,-1.1294005334207962,8.970614608943734,0,0,1,-2.9950984305935147
210021232,430,2.8,0.11678517560870502,0.16509632963015047,0.019280803848209772,6.063785208687608,-3.9486452972970056,-2.1474191378015295,-1.8012261594954762,15.591799683865759,0,0,0,-0.0
210021233,361,2.7,0.10813308687615526,0.21373829122906612,0.02311218121423358,5.8888779583328805,-3.767395475150015,-2.2243925246086707,-1.543002950541344,14.193268666180806,0,0,0,-0.0
210021234,400,2.8,0.11482889733840304,0.15144716176800538,0.017390510590850807,5.991464547107982,-4.051830589870967,-2.1643121077969405,-1.887518482074026,16.41733112901411,0,0,0,-0.0
210021235,365,2.7,0.0911154345006485,0.1667440780306549,0.01519295912017316,5.8998973535824915,-4.186923174225559,-2.3956280653494746,-1.791295108876084,17.53032566686703,0,0,0,-0.0
210031236,401,2.5,0.19564371839751069,0.36035608308605344,0.0705014040421178,5.993961427306569,-2.652122653871192,-1.6314600371661503,-1.0206626167050419,7.033754571176775,0,0,1,-2.652122653871192
210031237,380,2.8,0.14561254768969903,0.5147836023425225,0.07495895184597562,5.940171252720432,-2.59081462399424,-1.926805967745271,-0.664008656248969,6.712320415902414,0,0,1,-2.59081462399424
210031439,423,2.7,0.15570175438596492,0.2738669238187078,0.04264156050686021,6.0473721790462776,-3.154925902541392,-1.8598129324730706,-1.2951129700683213,9.953557450526615,0,0,0,-0.0
210031440,376,2.5,0.13850267379679143,0.3890402179137959,0.05388311039554713,5.929589143389895,-2.920938200903749,-1.9768656481490947,-0.9440725527546541,8.531879973498828,0,0,1,-2.920938200903749
210031535,369,2.6,0.17221261884183234,0.48400189406751,0.08335123370177301,5.910796644040527,-2.484691868433891,-1.7590254095233522,-0.7256664589105386,6.173693681061499,0,0,1,-2.484691868433891
210031536,369,2.6,0.18449290411907235,0.5069436603816191,0.09352750812855763,5.910796644040527,-2.3694996813736737,-1.6901442763003907,-0.679355405073283,5.614528740029941,0,0,1,-2.3694996813736737
210031537,401,2.5,0.20211827007943514,0.39073183084325147,0.07897404171500846,5.993961427306569,-2.538636066397255,-1.5989022574737666,-0.9397338089234886,6.444673077612928,0,0,1,-2.538636066397255
210031538,400,2.4,0.19039935457845905,0.34169861740443824,0.06505919621415686,5.991464547107982,-2.7324577125451146,-1.658631546449635,-1.0738261660954795,7.46632515084728,0,0,1,-2.7324577125451146
210041240,371,2.8,0.13076152304609218,0.1949381903298954,0.02549041466738612,5.916202062607435,-3.6694527928807634,-2.034380049548716,-1.6350727433320473,13.464883799180434,0,0,0,-0.0
210041539,396,2.6,0.11360347322720694,0.2833683406530456,0.03219162770081632,5.981414211254481,-3.436048869531469,-2.175041198979307,-1.261007670552162,11.806431833808487,0,0,0,-0.0
210041540,351,2.5,0.1119526627218935,0.23590256923590258,0.02640992076889513,5.860786223465865,-3.6340155527194318,-2.189679151299341,-1.4443364014200903,13.206069037406717,0,0,0,-0.0
210041541,376,2.7,0.12822966507177033,0.19326526956833243,0.024782340786752673,5.929589143389895,-3.697623944500226,-2.053932364448,-1.6436915800522258,13.672422834941411,0,0,0,-0.0
210051242,331,2.8,0.11639908256880734,0.5859730139259687,0.06820672123106172,5.802118375377063,-2.685212167213529,-2.1507306254271374,-0.5344815417863916,7.210364382951578,0,0,1,-2.685212167213529
210051243,330,3.0,0.11463501063075833,0.5364015694089805,0.061490399611553934,5.799092654460526,-2.788874220232315,-2.166002018471804,-0.622872201760511,7.777819416276403,0,0,1,-2.788874220232315
210051245,371,2.6,0.13788187372708757,0.3450954283177985,0.04758240427110989,5.916202062607435,-3.0452922442551467,-1.9813579478762913,-1.0639342963788552,9.273804852920549,0,0,1,-3.0452922442551467
210051246,430,3.2,0.16758241758241757,0.3644263408010862,0.06107144722216005,6.063785208687608,-2.7957108342685877,-1.7862800034634294,-1.0094308308051583,7.815999068846763,0,0,1,-2.7957108342685877
210051247,346,3.3,0.12342135476463835,0.5370718603089322,0.066286136605293,5.846438775057725,-2.7137745046309503,-2.0921511292847854,-0.6216233753461647,7.364572061984959,0,0,1,-2.7137745046309503
210051250,351,2.3,0.13266583229036297,0.3894464720194647,0.05166624034300784,5.860786223465865,-2.9629507021906982,-2.0199218516542072,-0.9430288505364907,8.779076863612351,0,0,1,-2.9629507021906982
210051441,350,3.0,0.11919792053471964,0.4238794912952216,0.050525553919705216,5.857933154483459,-2.985276052472881,-2.126969969681583,-0.8583060827912978,8.911873109468067,0,0,1,-2.985276052472881
210051442,371,3.4,0.12755323772272925,0.49532862133398325,0.0631807693878853,5.916202062607435,-2.7617553059696944,-2.0592214507672146,-0.7025338552024797,7.6272923700517605,0,0,1,-2.7617553059696944
210051443,375,3.3,0.125354655661594,0.5166797397683754,0.0647682108659867,5.926926025970411,-2.7369403690499987,-2.076608313770435,-0.6603320552795634,7.490842583735543,0,0,1,-2.7369403690499987
210051445,400,3.3,0.09559476958232829,0.5074869513134251,0.04851309817684513,5.991464547107982,-3.0259214519978612,-2.347637171903431,-0.6782842800944304,9.156200633660845,0,0,1,-3.0259214519978612
210051542,396,3.4,0.09722222222222222,0.5983539930908351,0.0581733048838312,5.981414211254481,-2.8443287084420947,-2.330755969960742,-0.5135727384813529,8.090205801667874,0,0,1,-2.8443287084420947
210051543,381,3.3,0.11032244980734131,0.5939687668282175,0.06552808946553444,5.942799375126701,-2.725276381467387,-2.2043478393681837,-0.5209285420992034,7.427131355383975,0,0,1,-2.725276381467387
210051544,375,3.4,0.17084826762246116,0.5342335689418715,0.09127287975948341,5.926926025970411,-2.3939015808585977,-1.766979440229568,-0.6269221406290296,5.730764778837293,0,0,1,-2.3939015808585977
210051545,395,3.8,0.13616652211621855,0.5646063583026334,0.07688048417477314,5.978885764901122,-2.5655032165411127,-1.993876714920751,-0.5716265016203618,6.581806754082796,0,0,1,-2.5655032165411127
211011251,376,2.4,0.14773413897280968,0.3888315195805862,0.05744368975072709,5.929589143389895,-2.856950119697885,-1.9123409788962364,-0.9446091408016486,8.162163986441758,0,0,1,-2.856950119697885
211011254,425,2.8,0.17724649629018963,0.4402746822480573,0.07803714483374471,6.052089168924417,-2.5505703498300716,-1.7302138808163872,-0.8203564690136844,6.505409109432294,0,0,1,-2.5505703498300716
211011255,435,3.1,0.18564356435643564,0.24901425538368213,0.046227893944990495,6.075346031088684,-3.0741718980441424,-1.6839267644248397,-1.390245133619303,9.450532858724324,0,0,0,-0.0
211011256,425,2.8,0.1803558371922983,0.38863665845116097,0.07009288989857643,6.052089168924417,-2.657933918066123,-1.7128235062439707,-0.9451104118221522,7.064612712806332,0,0,1,-2.657933918066123
211011257,450,3.0,0.15850021303792075,0.32979127134724856,0.05227198676658563,6.1092475827643655,-2.951294677287948,-1.841999341577877,-1.1092953357100708,8.710140272188172,0,0,1,-2.951294677287948
211011258,471,3.0,0.20462270564242013,0.3736867469879518,0.07646479323138919,6.154858094016418,-2.5709248632805317,-1.5865874558525617,-0.9843374074279699,6.6096546526340205,0,0,1,-2.5709248632805317
211011259,427,2.8,0.16630669546436286,0.42758524510145735,0.07111028914214301,6.056784013228625,-2.643523238970058,-1.7939216322325502,-0.8496016067375076,6.9882151149747465,0,0,1,-2.643523238970058
211011260,426,2.7,0.2051228654727197,0.470181696577862,0.0964450168948759,6.054439346269371,-2.338782206129673,-1.5841461356091096,-0.7546360705205636,5.46990220770878,0,0,1,-2.338782206129673
211011446,376,2.4,0.13508715300193674,0.31290322580645163,0.04226920593931569,5.929589143389895,-3.163696450023093,-2.001835131047284,-1.1618613189758091,10.00897522788872,0,0,1,-3.163696450023093
211011447,370,2.4,0.15035990402559318,0.2748674443266172,0.04132904254871024,5.91350300563827,-3.1861898167391662,-1.8947234985838284,-1.2914663181553379,10.151805548292362,0,0,0,-0.0
211011448,405,2.7,0.15612317975650514,0.2827050997782705,0.04413681911076365,6.003887067106539,-3.1204609443940337,-1.857109969489836,-1.2633509749041976,9.737276505488504,0,0,0,-0.0
211011449,366,2.7,0.12519809825673534,0.18411967779056387,0.023051433511021468,5.902633333401366,-3.770027320105757,-2.0778580100741917,-1.6921693100315651,14.213105994343794,0,0,0,-0.0
211021261,451,2.9,0.20328667072428486,0.3426728110599078,0.06966081490810055,6.111467339502679,-2.664117315747784,-1.5931381250605676,-1.0709791906872164,7.0975210720671775,0,0,1,-2.664117315747784
211021262,481,3.0,0.17472240365774003,0.21370648734177214,0.03733931114560682,6.175867270105761,-3.2877085892013755,-1.7445568293216225,-1.5431517598797528,10.8090277675085,0,0,0,-0.0
211031263,361,2.6,0.12122146822948797,0.25018953752843065,0.030328343074852944,5.8888779583328805,-3.495672588683149,-2.11013609042636,-1.3855364982567886,12.219726847270747,0,0,0,-0.0
211031265,431,2.9,0.16728555514296323,0.21307935101611386,0.035645097524232935,6.066108090103747,-3.3341436584299524,-1.7880530157632064,-1.546090642666746,11.116513935048667,0,0,0,-0.0
211031266,381,2.4,0.16563958916900093,0.3871226289072936,0.06412283321022771,5.942799375126701,-2.7469547661560165,-1.7979410005722696,-0.9490137655837466,7.5457604873072555,0,0,1,-2.7469547661560165
211031267,385,2.6,0.15059658174782328,0.2856804845731592,0.04302250444877954,5.953243334287785,-3.146031940919332,-1.8931506614315516,-1.2528812794877802,9.89751697328466,0,0,0,-0.0
211031268,436,2.8,0.1644945403311025,0.24507975968510462,0.04031428241385835,6.077642243349034,-3.21104947048618,-1.804877898804074,-1.4061715716821062,10.310838701909576,0,0,0,-0.0
211031450,371,2.3,0.12966507177033493,0.2859891985846421,0.037082809960018184,5.916202062607435,-3.2946017601412043,-2.042800524079156,-1.2518012360620487,10.854400757925522,0,0,0,-0.0
211031451,399,2.5,0.1373512674599069,0.2832590706556333,0.038905992374066556,5.988961416889864,-3.2466069946157186,-1.9852136385263373,-1.261393356089381,10.540456977487707,0,0,0,-0.0
211031452,410,2.6,0.14065934065934066,0.23070641077991016,0.03245101162618517,6.016157159698354,-3.428023661397005,-1.9614143355912785,-1.466609325805727,11.751346223097729,0,0,0,-0.0
211041269,396,2.5,0.1833554376657825,0.4556586270871985,0.08354748699576285,5.981414211254481,-2.4823401022415217,-1.696328727605512,-0.7860113746360098,6.162012383196449,0,0,1,-2.4823401022415217
211041270,406,2.5,0.1903451196273555,0.35784459660613277,0.06811397254899712,6.0063531596017325,-2.6865729099416367,-1.6589164354244967,-1.02765647451714,7.2176740004322735,0,0,1,-2.6865729099416367
211041271,391,2.6,0.18874868559411145,0.42552163054861836,0.08031664845791482,5.968707559985366,-2.5217783512759273,-1.6673388546170569,-0.8544394966588703,6.359366052963934,0,0,1,-2.5217783512759273
211041272,426,2.8,0.15677491601343785,0.39634312744473754,0.06213666051765202,6.054439346269371,-2.7784191177286166,-1.8529441582671948,-0.9254749594614217,7.719612793759865,0,0,1,-2.7784191177286166
211041273,496,2.8,0.20362381363244175,0.4866990128827171,0.09910350909432375,6.206575926724928,-2.311590428643194,-1.5914810383141418,-0.7201093903290525,5.343450309794826,0,0,1,-2.311590428643194
211051274,400,2.8,0.14717878993881714,0.2030984507746127,0.029891784223455915,5.991464547107982,-3.5101716114783543,-1.916107173158893,-1.5940644383194613,12.321304742028547,0,0,0,-0.0
211051275,443,2.8,0.13755656108597286,0.24738942185244928,0.03403003811906995,6.093569770045136,-3.380511670309211,-1.9837200931055767,-1.3967915772036343,11.427859153096772,0,0,0,-0.0
211051276,350,2.5,0.09485744737543299,0.1953075008887309,0.018526370987580122,5.857933154483459,-3.9885601031116735,-2.35538006828299,-1.6331800348286833,15.908611696134203,0,0,0,-0.0
211051277,396,2.5,0.11419632381697302,0.23951189995966116,0.027351378485811914,5.981414211254481,-3.598988349709244,-2.169836173022905,-1.4291521766863395,12.952717141342868,0,0,0,-0.0
211051278,369,2.6,0.12196969696969696,0.2007755497729476,0.024488532964730726,5.910796644040527,-3.70955031325331,-2.103982650595954,-1.6055676626573565,13.760763526557731,0,0,0,-0.0
211051279,360,2.8,0.11962833914053426,0.19240027510316368,0.023016525360773355,5.886104031450156,-3.771542827099525,-2.123365516198095,-1.6481773109014302,14.224535296645877,0,0,0,-0.0
211051280,365,2.8,0.11369645690111052,0.1713956502952614,0.019487078166833,5.8998973535824915,-3.938003691178493,-2.1742230405307947,-1.7637806506476983,15.507873071735434,0,0,0,-0.0
211051281,400,2.8,0.11929285165257494,0.243454592586192,0.029042392597522674,5.991464547107982,-3.5389987026975334,-2.126173870763387,-1.4128248319341463,12.524511817694824,0,0,0,-0.0
211051282,400,2.6,0.15088757396449703,0.21625798475169997,0.0326306426696352,5.991464547107982,-3.4225034729032218,-1.8912202627586931,-1.5312832101445286,11.713530022034615,0,0,0,-0.0
211051283,365,2.8,0.11317944899478778,0.14430043882028779,0.016331844155386258,5.8998973535824915,-4.114638447856262,-2.178780675676961,-1.9358577721793004,16.930249556576985,0,0,0,-0.0
211051284,375,2.7,0.1526580459770115,0.19382223585967065,0.029588523793232766,5.926926025970411,-3.520368702519038,-1.8795548525298935,-1.6408138499891445,12.392995801675575,0,0,0,-0.0
211051285,360,2.9,0.09473684210526316,0.15059478613009364,0.014266874475482555,5.886104031450156,-4.249814899130082,-2.356652314264321,-1.893162584865761,18.06092667686803,0,0,0,-0.0
211051286,315,2.5,0.07286166842661035,0.1999523781177451,0.014568863875527362,5.752572638825633,-4.22886863878674,-2.619192588588819,-1.6096760501979215,17.88332996411402,0,0,0,-0.0
212011289,370,2.9,0.10587234042553191,0.19980679439703752,0.02115401295573742,5.91350300563827,-3.855925653627876,-2.24552124627318,-1.6104044073546957,14.868162646305562,0,0,0,-0.0
212011546,391,2.9,0.14300722258699936,0.33429248476641843,0.04780623977815229,5.968707559985366,-3.0405991087123496,-1.9448601423963017,-1.0957389663160482,9.245242939902335,0,0,1,-3.0405991087123496
212011547,311,2.8,0.08092105263157895,0.17987434130522903,0.014555621039831034,5.739792912179234,-4.229778034207635,-2.5142812584679044,-1.715496775739731,17.89102221866541,0,0,0,-0.0
212011548,320,2.7,0.07103637611530542,0.18492402423279372,0.013136332538156588,5.768320995793772,-4.332373411568383,-2.6445631934897813,-1.6878102180786025,18.769459377264674,0,0,0,-0.0
212011549,346,2.7,0.10057236304170074,0.28152321740819897,0.02831345522584503,5.846438775057725,-3.564418137646827,-2.296877780314755,-1.267540357332072,12.705076659985675,0,0,0,-0.0
212011550,366,2.9,0.10657785179017486,0.31782323840085575,0.033872917997759815,5.902633333401366,-3.38513946299184,-2.238879558160366,-1.1462599048314737,11.459169183904683,0,0,1,-3.38513946299184
212011551,335,2.3,0.11128691983122363,0.3727286845783507,0.04147982723946835,5.814130531825066,-3.182548060541047,-2.1956435493389006,-0.9869045112021465,10.12861215765358,0,0,1,-3.182548060541047
212011552,369,3.0,0.09929386203150461,0.34637643281185826,0.034393053730585384,5.910796644040527,-3.3699006614291434,-2.309671522213028,-1.0602291392161154,11.356230467900577,0,0,1,-3.3699006614291434
212021293,380,2.6,0.15290850177441753,0.3212559334581718,0.049122763471231026,5.940171252720432,-3.013432737132296,-1.877915564097728,-1.1355171730345681,9.080776861220642,0,0,1,-3.013432737132296
212021295,320,2.7,0.10361067503924647,0.6283959962991,0.06510853336850958,5.768320995793772,-2.7316996574284813,-2.267114913545738,-0.4645847438827434,7.4621830183948825,0,0,1,-2.7316996574284813
212021297,361,3.0,0.12166253784750894,0.5910913528591353,0.07191367408855981,5.8888779583328805,-2.632288850299063,-2.106504150143504,-0.5257847001555594,6.928944591408763,0,0,1,-2.632288850299063
212021299,400,3.3,0.15803402646502834,0.3170731707317073,0.05010834985476509,5.991464547107982,-2.9935676210104143,-1.8449449117676435,-1.148622709242771,8.961447101561951,0,0,1,-2.9935676210104143
212021453,369,2.9,0.14713504175064784,0.5178719179215622,0.07619710626487712,5.910796644040527,-2.574431792537172,-1.9164044625403696,-0.6580273299968022,6.627699054426157,0,0,1,-2.574431792537172
212021454,383,2.9,0.16333333333333333,0.5388473053892215,0.08801172654690619,5.948034989180646,-2.4302852171669085,-1.8119621765455745,-0.6183230406213338,5.906286236780008,0,0,1,-2.4302852171669085
212021455,370,3.0,0.14395209580838322,0.40017772511848343,0.05760642222663677,5.91350300563827,-2.854121220505397,-1.9382747027497484,-0.9158465177556488,8.146007941339217,0,0,1,-2.854121220505397
212021456,360,2.8,0.12807215332581737,0.474996612007047,0.06083383892221031,5.886104031450156,-2.7996090836122045,-2.0551614760225285,-0.7444476075896762,7.837811021043968,0,0,1,-2.7996090836122045
212021553,430,3.3,0.1355958230958231,0.41120495495495496,0.05575767432819798,6.063785208687608,-2.8867402220044673,-1.9980767070784162,-0.8886635149260513,8.333269109338401,0,0,1,-2.8867402220044673
212021554,400,3.1,0.13790485829959515,0.4433090456726497,0.06113447112641551,5.991464547107982,-2.794679396336701,-1.9811912642045144,-0.813488132132187,7.810232928308868,0,0,1,-2.794679396336701
212031300,342,2.7,0.09588226549724989,0.4088623654903435,0.039202649879778735,5.834810737062605,-3.2390109354964807,-2.344634241229833,-0.8943766942666472,10.491191840265786,0,0,1,-3.2390109354964807
212031303,408,3.0,0.10771610906981241,0.3051149425287356,0.03286579442825483,6.0112671744041615,-3.4153228450878865,-2.2282561324689376,-1.187066712618949,11.664430136179215,0,0,1,-3.4153228450878865
212031304,380,3.1,0.10204941044357103,0.45121894590201994,0.046046627410270706,5.940171252720432,-3.078100756524805,-2.282298166876033,-0.795802589648772,9.474704267318577,0,0,1,-3.078100756524805
212031306,416,3.5,0.14961119751166407,0.5745270982415266,0.08595568717081627,6.030685260261263,-2.453923380979117,-1.8997153665659585,-0.5542080144131588,6.0217399597159815,0,0,1,-2.453923380979117
212031308,370,2.8,0.08550022036139268,0.1698654037886341,0.014523529455705163,5.91350300563827,-4.231985223661752,-2.4592363257165135,-1.7727488979452388,17.90969893329141,0,0,0,-0.0
212031457,430,3.4,0.14816462736373748,0.3805504866180049,0.05638412104284566,6.063785208687608,-2.875567701911972,-1.9094312763653316,-0.9661364255466401,8.268889608279299,0,0,1,-2.875567701911972
212031458,392,3.4,0.13226521220385207,0.47531861425237837,0.06286811737853173,5.971261839790462,-2.7667161217065575,-2.022946188742641,-0.7437699329639167,7.654718098110974,0,0,1,-2.7667161217065575
212031555,421,3.3,0.13295687885010268,0.555671570953963,0.07388035773977229,6.042632833682381,-2.6053082814894006,-2.0177304225029427,-0.5875778589864582,6.787631241597254,0,0,1,-2.6053082814894006
212031556,410,3.4,0.13219869384524044,0.5414808809620322,0.07158306520535078,6.016157159698354,-2.636896752469021,-2.023449231755263,-0.6134475207137583,6.953224483181669,0,0,1,-2.636896752469021
212031557,400,3.3,0.10583382439599293,0.5007900918214819,0.05300053063708789,5.991464547107982,-2.937453353459609,-2.245885109366127,-0.6915682440934818,8.628632203751101,0,0,1,-2.937453353459609
212031558,401,3.1,0.11361457334611696,0.49450728293595897,0.056183233967316525,5.993961427306569,-2.879136894574829,-2.1749434944255865,-0.704193400149242,8.28942925770199,0,0,1,-2.879136894574829
212031559,401,3.5,0.12696493349455865,0.5491700595051675,0.0697253400822764,5.993961427306569,-2.663191468000717,-2.063844344866168,-0.5993471231345493,7.092588795231815,0,0,1,-2.663191468000717
212031560,355,3.0,0.1076530612244898,0.4134340890008396,0.04450744529549855,5.872117789475416,-3.112098793793498,-2.2288416187484965,-0.8832571750450017,9.685158902330945,0,0,1,-3.112098793793498
212031561,355,3.2,0.12023864157870583,0.587809673613842,0.0706774366621508,5.872117789475416,-2.6496288989943135,-2.118276831183523,-0.5313520678107907,7.020533302385818,0,0,1,-2.6496288989943135
212031562,350,3.0,0.11885245901639344,0.5898414123279473,0.07010410228487898,5.857933154483459,-2.657773966184819,-2.129872395306728,-0.527901570878091,7.063762455329783,0,0,1,-2.657773966184819
212041309,400,2.7,0.17510259917920656,0.5366106975939069,0.0939619278960603,5.991464547107982,-2.3648656011381894,-1.7423831958301614,-0.6224824053080279,5.59258931144669,0,0,1,-2.3648656011381894
212041310,381,2.7,0.2693817468105986,0.6697556236454675,0.1804199398338379,5.942799375126701,-1.71246814623204,-1.3116257722731395,-0.40084237395890043,2.9325471518593993,0,0,1,-1.71246814623204
212041312,341,2.8,0.1462030840849578,0.5663233596732664,0.08279822177358637,5.831882477283517,-2.491348693985955,-1.9227586369166032,-0.5685900570693518,6.206818315025523,0,0,1,-2.491348693985955
212041313,450,2.7,0.1352839931153184,0.2919325650061911,0.039493803114434796,6.1092475827643655,-3.23161150256138,-2.0003790574167506,-1.2312324451446295,10.443312903487021,0,0,0,-0.0
212041316,351,2.7,0.15873015873015872,0.5568669527896996,0.08839157980788881,5.860786223465865,-2.4259785649171897,-1.8405496333974871,-0.5854289315197025,5.885371997437667,0,0,1,-2.4259785649171897
212041317,356,2.9,0.19821162444113263,0.7111201006832075,0.14095227032916036,5.87493073085203,-1.9593339542146648,-1.618420008749928,-0.3409139454647368,3.8389895441384745,0,0,1,-1.9593339542146648
212041318,355,3.2,0.17247007616974971,0.6345772918152286,0.10944559385496597,5.872117789475416,-2.2123277129733,-1.7575315290383517,-0.4547961839349483,4.894393909589673,0,0,1,-2.2123277129733
212041459,331,2.5,0.1723338485316847,0.6559384567077479,0.11304039864438005,5.802118375377063,-2.1800100140340577,-1.758321703600727,-0.42168831043333044,4.752443661288773,0,0,1,-2.1800100140340577
212041460,346,2.9,0.1716183152743796,0.6598438058292073,0.11324128230064341,5.846438775057725,-2.178234495059674,-1.7624823652555897,-0.41575212980408444,4.744705515467873,0,0,1,-2.178234495059674
212041563,310,2.6,0.13201140839331793,0.709266067854982,0.09363121254312678,5.736572297479192,-2.368391483745369,-2.024866932908278,-0.3435245508370911,5.609278220277591,0,0,1,-2.368391483745369
212041564,341,3.0,0.1165389527458493,0.6287700534759358,0.07327620355003722,5.831882477283517,-2.61351936740868,-2.149529703528202,-0.46398966388047774,6.8304834838202675,0,0,1,-2.61351936740868
212041565,381,3.0,0.14840903570561087,0.5740593534711181,0.08519559508643507,5.942799375126701,-2.462805547346841,-1.9077830625983094,-0.5550224847485314,6.065411164042374,0,0,1,-2.462805547346841
212041566,520,3.4,0.1973191405479992,0.5599284436493739,0.11048459926927326,6.253828811575473,-2.2028791408664152,-1.6229328582514695,-0.579946282614946,4.852676509264356,0,0,1,-2.2028791408664152
212051319,415,2.5,0.24076241431198797,0.47408622545752804,0.11414214423321191,6.028278520230698,-2.1703107280572844,-1.4239446644745106,-0.746366063582774,4.71024865632054,0,0,1,-2.1703107280572844
212051321,500,2.9,0.23085796683489546,0.5978799240846179,0.13802534368557653,6.214608098422191,-1.980317960791028,-1.4659526197522172,-0.5143653410388107,3.9216592258315353,0,0,1,-1.980317960791028
212051322,462,2.8,0.22459968825279863,0.6430880395512455,0.14443737320231317,6.135564891081739,-1.9349092688202678,-1.4934356246894493,-0.4414736441308186,3.7438738785665833,0,0,1,-1.9349092688202678
212051323,485,2.8,0.23517940717628705,0.5242331860884714,0.12328884992642286,6.184148890937483,-2.0932253033435546,-1.4474066213133752,-0.6458186820301791,4.381592170557716,0,0,1,-2.0932253033435546
212051324,470,2.7,0.23028180757045189,0.4950947313781469,0.11401130966036699,6.152732694704104,-2.171457627961306,-1.4684514697592177,-0.7030061582020882,4.71522823003134,0,0,1,-2.171457627961306
212051325,430,2.8,0.19287576020851432,0.4969078385036955,0.09584147710496994,6.063785208687608,-2.345059732536666,-1.6457090268496033,-0.6993507056870626,5.49930514916494,0,0,1,-2.345059732536666
212051326,415,2.6,0.26175778953556733,0.46331995812979765,0.12127760808776744,6.028278520230698,-2.1096730795140304,-1.3403356702260907,-0.7693374092879396,4.450720502426212,0,0,1,-2.1096730795140304
212051327,481,2.7,0.20225872689938398,0.5035831880689522,0.10185409450675932,6.175867270105761,-2.284213935774622,-1.5982075749045466,-0.6860063608700756,5.21763330438699,0,0,1,-2.284213935774622
212051567,380,2.2,0.6563241467421063,0.7049547258113745,0.4626788089099659,5.940171252720432,-0.7707221828861528,-0.4211004859469048,-0.34962169693924805,0.5940126831927963,0,0,1,-0.7707221828861528
212051568,401,2.7,0.3913518235422581,0.7270162628609359,0.28451914021550495,5.993961427306569,-1.2569547509985677,-0.9381483191222197,-0.31880643187634816,1.5799352460578713,0,0,1,-1.2569547509985677
213011328,320,2.3,0.16,0.5415889096241002,0.08665422553985604,5.768320995793772,-2.445829498402416,-1.8325814637483102,-0.6132480346541059,5.982081935255414,0,0,1,-2.445829498402416
213011329,400,3.4,0.17918552036199095,0.5466228332337119,0.09794689681472846,5.991464547107982,-2.3233298164132217,-1.719333583257318,-0.6039962331559037,5.397861435834694,0,0,1,-2.3233298164132217
213011331,350,2.8,0.1590909090909091,0.5285378234493004,0.08408556282147961,5.857933154483459,-2.475920393547282,-1.8382794848629478,-0.6376409086843343,6.130181795183329,0,0,1,-2.475920393547282
213011332,360,2.8,0.15338983050847457,0.449243234979361,0.06890934367056299,5.886104031450156,-2.674963498102392,-1.8747726861938847,-0.8001908119085076,7.155429716180187,0,0,1,-2.674963498102392
213011333,323,2.9,0.12759360839494396,0.5985124794393192,0.07636636692106744,5.777652323222656,-2.5722129032827326,-2.058905000274756,-0.5133079030079766,6.616279219814184,0,0,1,-2.5722129032827326
213011334,330,2.7,0.1342360906682367,0.6691608765366115,0.08982554009440531,5.799092654460526,-2.4098859332602434,-2.008155158646198,-0.4017307746140457,5.807550211325594,0,0,1,-2.4098859332602434
213011335,323,2.9,0.1538987688098495,0.6813910851380772,0.10486524908075744,5.777652323222656,-2.255079095101315,-1.8714602381053038,-0.38361885699601134,5.085381725162966,0,0,1,-2.255079095101315
213011336,340,2.6,0.18350794187225414,0.541662255161461,0.09939932563456348,5.8289456176102075,-2.308609949703151,-1.6954973324662743,-0.6131126172368767,5.329679899868385,0,0,1,-2.308609949703151
213011337,341,2.9,0.16531165311653118,0.605378932514319,0.10007619209586303,5.831882477283517,-2.3018234621498355,-1.799922779867216,-0.5019006822826196,5.298391250903455,0,0,1,-2.3018234621498355
213011338,346,2.8,0.14391077531930202,0.5701045371268456,0.08204418595097615,5.846438775057725,-2.5004973237863766,-1.9385617872855423,-0.5619355365008342,6.2524868662628315,0,0,1,-2.5004973237863766
213011339,366,2.8,0.17381294964028776,0.458041958041958,0.07961362378628566,5.902633333401366,-2.5305700476827786,-1.7497755600640776,-0.7807944876187011,6.40378476622922,0,0,1,-2.5305700476827786
213011340,412,3.0,0.20874001774622894,0.3542282672974571,0.07394161480188713,6.021023349349527,-2.6044794863574183,-1.5666657355742872,-1.037813750783131,6.783313394856601,0,0,1,-2.6044794863574183
213011569,350,2.9,0.11952124072825354,0.5753165963119307,0.06876255340275773,5.857933154483459,-2.677095964154682,-2.124261176725695,-0.5528347874289866,7.166842801293286,0,0,1,-2.677095964154682
213011570,400,3.6,0.11302211302211303,0.5236334219345892,0.05918215579604694,5.991464547107982,-2.8271352048931004,-2.1801717889535,-0.6469634159396006,7.992693466745953,0,0,1,-2.8271352048931004
213021341,390,2.3,0.14984960350013674,0.32155503098259075,0.04818489389621541,5.966146739123692,-3.032709711689915,-1.8981231312013656,-1.1345865804885493,9.197328195378327,0,0,1,-3.032709711689915
213021342,341,2.5,0.14894944872061577,0.3784836841820445,0.05637493610866317,5.831882477283517,-2.8757306144874195,-1.904148300933315,-0.9715823135541044,8.269826567100191,0,0,1,-2.8757306144874195
213021343,400,2.5,0.13501199040767387,0.4104212711807648,0.05541179272776273,5.991464547107982,-2.8929628427593936,-2.002391686653157,-0.8905711561062367,8.369234009586512,0,0,1,-2.8929628427593936
213021344,460,2.6,0.1670504871567759,0.2664107076201141,0.04450403849172145,6.131226489483141,-3.112175341304759,-1.789459193950305,-1.3227161473544538,9.685635355025392,0,0,0,-0.0
213021345,361,2.9,0.13539651837524178,0.4238691437802908,0.05739040631454614,5.8888779583328805,-2.8578781270028695,-1.9995476324590702,-0.8583304945437991,8.167467388801429,0,0,1,-2.8578781270028695
213021346,450,2.5,0.19332638164754953,0.26263197586727,0.05077368959936586,6.1092475827643655,-2.980376979837576,-1.6433754217516834,-1.3370015580858927,8.882646941945751,0,0,0,-0.0
213031347,350,2.6,0.20148760330578513,0.5579504929725194,0.11242010759231424,5.857933154483459,-2.185512464351966,-1.6020274215436157,-0.5834850428083502,4.776464731837803,0,0,1,-2.185512464351966
213031348,355,2.1,0.31693989071038253,0.49098126203957737,0.15561154753166934,5.872117789475416,-1.8603924570630228,-1.1490431422950016,-0.7113493147680212,3.4610600942969914,0,0,1,-1.8603924570630228
213031349,396,2.4,0.2784702549575071,0.47140698321800684,0.13127282280546765,5.981414211254481,-2.0304775045855186,-1.2784440297801758,-0.752033474805343,4.122838896627835,0,0,1,-2.0304775045855186
213031350,414,2.4,0.21269230769230768,0.2975018925056775,0.0632763640598614,6.025865973825314,-2.760243415140303,-1.5479087224872388,-1.2123346926530643,7.618943710825404,0,0,0,-0.0
213031351,351,2.4,0.19966722129783693,0.38900724328930547,0.07767199533230724,5.860786223465865,-2.555260507009217,-1.6111031917531617,-0.9441573152560551,6.529356258681,0,0,1,-2.555260507009217
213031352,462,2.5,0.2007200720072007,0.28028196339649486,0.05625821587526404,6.135564891081739,-2.8778031885586373,-1.6058440181795113,-1.2719591703791262,8.281751192078259,0,0,0,-0.0
213041353,340,2.7,0.1096308631695809,0.19727313185257112,0.021627223725163916,5.8289456176102075,-3.833802400229509,-2.2106363458469716,-1.6231660543825375,14.698040844005545,0,0,0,-0.0
213041358,340,3.0,0.08823128324014728,0.3497736703130894,0.030860979775340087,5.8289456176102075,-3.478262683512224,-2.427793693592899,-1.0504689899193254,12.098311295513659,0,0,1,-3.478262683512224
213041359,400,3.2,0.08023774145616643,0.5039594371332535,0.040436567021093155,5.991464547107982,-3.2080207791085273,-2.5227612830804533,-0.6852594960280738,10.291397319192082,0,0,1,-3.2080207791085273
213041360,400,3.4,0.13350967562299876,0.3895286350376171,0.05200584170974173,5.991464547107982,-2.956399226138483,-2.013581327191363,-0.9428178989471196,8.74029638431222,0,0,1,-2.956399226138483
213041461,400,3.1,0.13350515463917526,0.5091379310344828,0.06797253821542837,5.991464547107982,-2.688651505148424,-2.013615190357836,-0.675036314790588,7.228846916136886,0,0,1,-2.688651505148424
213041462,411,3.6,0.11546307629538964,0.5099576603418535,0.05888128024346983,6.018593214496234,-2.832232061532445,-2.158804485884875,-0.6734275756475704,8.021538450372324,0,0,1,-2.832232061532445
213041463,401,3.1,0.1518707717796493,0.45303216302479743,0.06880234423957989,5.993961427306569,-2.6765174613736114,-1.8847253054088642,-0.7917921559647472,7.1637457210378415,0,0,1,-2.6765174613736114
213041571,350,3.1,0.08904316329610625,0.3813205819513684,0.03395399084686196,5.857933154483459,-3.382748881168393,-2.418634045960076,-0.9641148352083165,11.442989993046012,0,0,1,-3.382748881168393
213041572,371,3.3,0.09330855018587361,0.5288233745722558,0.04934374238573837,5.916202062607435,-3.008944321836792,-2.371843533464101,-0.6371007883726912,9.053745931913872,0,0,1,-3.008944321836792
213041573,380,3.1,0.09942084942084942,0.18461538461538463,0.018354618354618355,5.940171252720432,-3.997874054697429,-2.3083934345897927,-1.6894806201076367,15.982996957222863,0,0,0,-0.0
213041574,429,3.2,0.11880896226415094,0.4553376906318083,0.05409819850372015,6.061456918928017,-2.916954393060845,-2.130238434965111,-0.7867159580957341,8.508622931196962,0,0,1,-2.916954393060845
213041575,380,3.2,0.1676923076923077,0.32974910394265233,0.05529638819961401,5.940171252720432,-2.895047685432864,-1.785624480660539,-1.1094232047723254,8.381301100930184,0,0,1,-2.895047685432864
213041576,321,2.8,0.09632900910847364,0.2801753782668501,0.02698901656503745,5.771441123130016,-3.612325289628389,-2.33998576869265,-1.272339520935739,13.048893998088825,0,0,0,-0.0
213041577,300,2.4,0.07566204287515763,0.3693887902612224,0.027948710486347218,5.703782474656201,-3.577384216890885,-2.5814786594127472,-0.9959055574781379,12.797677835260012,0,0,1,-3.577384216890885
213041578,321,2.8,0.07589134125636672,0.4337855684956177,0.032920568610787966,5.771441123130016,-3.4136576308197637,-2.5784526820320637,-0.8352049487877002,11.653058420454002,0,0,1,-3.4136576308197637
213051361,341,2.8,0.14485729671513192,0.4064295782283422,0.05887429000722889,5.831882477283517,-2.832350786043469,-1.9320061817508667,-0.9003446042926021,8.022210975201055,0,0,1,-2.832350786043469
213051362,340,2.8,0.12741184298070526,0.47038141913488174,0.05993216351585486,5.8289456176102075,-2.8145419644485763,-2.060330581132274,-0.7542113833163026,7.9216464696420505,0,0,1,-2.8145419644485763
213051363,380,2.8,0.1695563488016318,0.6227419495592984,0.1055898512128846,5.940171252720432,-2.2481930182670404,-1.7745699661004375,-0.47362305216660283,5.054371847384665,0,0,1,-2.2481930182670404
213051368,351,2.6,0.13142292490118576,0.4234979179060083,0.055657335060769864,5.860786223465865,-2.8885414029244454,-2.029334721625657,-0.8592066812987881,8.343671436408723,0,0,1,-2.8885414029244454
213051464,401,3.2,0.13242713004484305,0.5628307564594791,0.07453406177889682,5.993961427306569,-2.5964990529971583,-2.0217227467661028,-0.5747763062310559,6.74180733221514,0,0,1,-2.5964990529971583
213051466,410,3.4,0.10004028467839399,0.6204494264313027,0.062069937248733796,6.016157159698354,-2.7794935095328595,-2.302182327331086,-0.4773111822017734,7.725584169535292,0,0,1,-2.7794935095328595
213051467,315,2.6,0.10848978235587307,0.42924776433456074,0.04656899652940159,5.752572638825633,-3.0668202697956617,-2.22109928227134,-0.8457209875243222,9.405386567229534,0,0,1,-3.0668202697956617
213051468,360,2.8,0.12355707567336469,0.4074123808244931,0.050338682367797566,5.886104031450156,-2.9889814642739148,-2.091052078471747,-0.897929385802168,8.934010193773036,0,0,1,-2.9889814642739148
213051579,361,3.3,0.11065573770491803,0.5761115297663904,0.06375004632660877,5.8888779583328805,-2.7527853682519634,-2.201331359288873,-0.5514540089630905,7.5778272836620975,0,0,1,-2.7527853682519634
213051580,390,3.0,0.14271213966707266,0.45725982918048985,0.06525652860614786,5.966146739123692,-2.7294291825178947,-1.9469256868698184,-0.7825034956480764,7.449783662380303,0,0,1,-2.7294291825178947
213051581,400,3.2,0.14012184508268058,0.5573444851019341,0.07809613759913958,5.991464547107982,-2.5498146779158852,-1.9652429128642928,-0.5845717650515923,6.50155489171529,0,0,1,-2.5498146779158852
213051582,385,3.4,0.12154554759467759,0.6659099881563364,0.08093839415922717,5.953243334287785,-2.5140669796221724,-2.1074662091280323,-0.4066007704941404,6.320532778026553,0,0,1,-2.5140669796221724
213051583,380,3.5,0.13397594623275558,0.6184023331910656,0.0828510377418168,5.940171252720432,-2.4907110096380176,-2.0100950008700114,-0.48061600876800614,6.203641333532033,0,0,1,-2.4907110096380176
213051584,391,3.4,0.12887740029542097,0.7075170209809643,0.09118295432878748,5.968707559985366,-2.3948873036602456,-2.0488937118297383,-0.3459935918305072,5.735485197233041,0,0,1,-2.3948873036602456
213051585,369,3.4,0.12156686177397569,0.5441781434448221,0.0661540291445754,5.910796644040527,-2.715769481061016,-2.107290864896053,-0.608478616164963,7.375403874262419,0,0,1,-2.715769481061016
213051586,402,3.3,0.10389937106918239,0.6520342612419701,0.06774594965859966,5.996452088619021,-2.691990604646345,-2.2643324341273994,-0.42765817051894556,7.246813415504195,0,0,1,-2.691990604646345
213051587,395,3.3,0.12980630239953744,0.6506877865777407,0.0844633755921959,5.978885764901122,-2.471437263519177,-2.0417119211949144,-0.4297253423242625,6.108002147511158,0,0,1,-2.471437263519177
213051588,377,3.5,0.11259297255706592,0.6203514293207448,0.06984721145724725,5.932245187448011,-2.661445115947973,-2.1839759759074258,-0.47746914004054725,7.08329010520332,0,0,1,-2.661445115947973
213051589,350,3.0,0.11510353227771011,0.5131753764393269,0.059068298506110097,5.857933154483459,-2.8290609027822735,-2.161923274952731,-0.6671376278295423,8.003585591651252,0,0,1,-2.8290609027822735
213051590,336,3.0,0.09827473247433938,0.39731285988483683,0.039045815013797024,5.817111159963204,-3.243019578380728,-2.31998832989273,-0.9230312484879979,10.517175985760716,0,0,1,-3.243019578380728
214011370,370,2.5,0.10599078341013825,0.2897251547142337,0.03070819612178514,5.91350300563827,-3.483225685369394,-2.24440313761131,-1.2388225477580845,12.132861175217085,0,0,0,-0.0
214011371,335,2.2,0.14510767451943923,0.3001780717374714,0.043558141931553884,5.814130531825066,-3.1336586372092863,-1.9302792292471365,-1.2033794079621498,9.819816454556362,0,0,0,-0.0
214011372,341,2.3,0.08926080892608089,0.2903408214671259,0.02591605658841849,5.831882477283517,-3.6528925568646873,-2.4161927572399486,-1.2366997996247389,13.343624031997432,0,0,0,-0.0
214011373,420,2.6,0.12477428674611774,0.2462634966225201,0.03072735214267992,6.040254711277414,-3.4826020717757427,-2.0812488799632374,-1.4013531918125053,12.128517190336694,0,0,0,-0.0
214011374,365,2.7,0.10388873119500426,0.19142708208027587,0.019887116673681798,5.8998973535824915,-3.9176831602402937,-2.2644348449398715,-1.6532483153004225,15.348241344030376,0,0,0,-0.0
214011375,351,2.3,0.10597176981541802,0.25791460935230903,0.02733166761431635,5.860786223465865,-3.5997092631826137,-2.2445825428362602,-1.3551267203463537,12.957906779442716,0,0,0,-0.0
214011376,450,2.9,0.118865598027127,0.27873412012328047,0.03313189787901879,6.1092475827643655,-3.4072587784970727,-2.129761852498913,-1.27749692599816,11.609412383645363,0,0,0,-0.0
214021377,405,2.2,0.1052468177584601,0.26327996408798443,0.02770937839982202,6.003887067106539,-3.5859843527001787,-2.2514470419507484,-1.3345373107494303,12.85928377781052,0,0,0,-0.0
214021378,424,2.4,0.10986101919258769,0.22718932443703085,0.024959250732327676,6.049733455231958,-3.6905107546683533,-2.2085391739161966,-1.481971580752157,13.619869630322778,0,0,0,-0.0
214021379,330,2.4,0.07549136390708755,0.2130162703379224,0.016080888782210638,5.799092654460526,-4.1301237442332495,-2.5837370146062484,-1.5463867296270009,17.057922142679274,0,0,0,-0.0
214021381,512,2.8,0.13237774030354132,0.2546706522899541,0.033712725471773015,6.238324625039508,-3.3898799024623316,-2.0220957742093626,-1.3677841282529688,11.491285753118026,0,0,0,-0.0
214021382,496,2.7,0.11505466778805719,0.23561422956767106,0.027108516909047434,6.206575926724928,-3.6079073233845596,-2.162347891502332,-1.4455594318822278,13.016995254131936,0,0,0,-0.0
214021383,376,2.2,0.08712428919577579,0.23350663772651556,0.02034409983441819,5.929589143389895,-3.8949643435592693,-2.4404195683763272,-1.4545447751829421,15.17074723759809,0,0,0,-0.0
214021384,350,2.1,0.07310565635005337,0.23731694560669456,0.017349211071567318,5.857933154483459,-4.0542082450025285,-2.6158495369702424,-1.4383587080322862,16.43660449384648,0,0,0,-0.0
214021385,380,2.6,0.10620746545679521,0.18259367238959076,0.019392811152946842,5.940171252720432,-3.942852840713305,-2.2423608764416163,-1.7004919642716887,15.546088523520979,0,0,0,-0.0
214021591,400,2.5,0.10264498908032031,0.24474464579901153,0.0251218114955064,5.991464547107982,-3.6840188263075873,-2.2764789522925395,-1.407539874015048,13.571994712588733,0,0,0,-0.0
214021592,410,2.0,0.12751390671801455,0.28296002268216613,0.036081337937221014,6.016157159698354,-3.3219795019580416,-2.0595298480334536,-1.262449653924588,11.035547811429398,0,0,0,-0.0
215011386,250,2.2,0.0456989247311828,0.17835294117647058,0.008150537634408601,5.521460917862246,-4.809671386493021,-3.0856805102169305,-1.723990876276091,23.132938846049704,0,0,0,-0.0
215011387,151,2.4,0.04838709677419355,0.18039950062421972,0.00872900809472031,5.017279836814924,-4.741103535892854,-3.028522096376982,-1.7125814395158725,22.478062738055726,0,0,0,-0.0
215011388,245,2.3,0.082358040745557,0.13023255813953488,0.010725698329653935,5.501258210544727,-4.535112703965726,-2.4966791860132673,-2.038433517952459,20.56724723767132,0,0,0,-0.0
215011389,185,2.5,0.07450157397691501,0.12762892538173437,0.00950855582592145,5.220355825078324,-4.6555632724295375,-2.5969350266128868,-2.0586282458166507,21.674269383594822,0,0,0,-0.0
215011390,170,2.2,0.06086427267194157,0.16474985623921795,0.010027380172806936,5.135798437050262,-4.602435910248666,-2.799108932049177,-1.8033269781994887,21.182416307946465,0,0,0,-0.0
215011391,182,2.1,0.05405405405405406,0.14914567043150884,0.008061928131432911,5.204006687076795,-4.820602528810535,-2.917770732084279,-1.9028317967262562,23.238208740774525,0,0,0,-0.0
215011392,214,2.2,0.04787000439174352,0.20366886171213547,0.00974962930462133,5.365976015021851,-4.6305260147339995,-3.039266183834596,-1.5912598308994035,21.441771173128334,0,0,0,-0.0
215011393,150,2.1,0.033660589060308554,0.17787418655097614,0.005987349897929071,5.0106352940962555,-5.118106385798746,-3.39142759006635,-1.7266787957323955,26.1950129763539,0,0,0,-0.0
215011394,166,2.1,0.0481283422459893,0.1530533764036302,0.007366205281458138,5.111987788356544,-4.910852592564243,-3.0338840395183673,-1.876968553045876,24.11647318589495,0,0,0,-0.0
215021395,250,2.7,0.05296881674498078,0.16857142857142857,0.008929029108439616,5.521460917862246,-4.718447612463613,-2.9380519018858737,-1.78039571057774,22.263747871563574,0,0,0,-0.0
215021396,220,2.5,0.03820816864295125,0.16840836012861737,0.0064345750246770795,5.393627546352362,-5.0460694813460885,-3.2647059474091558,-1.7813635339369323,25.462817210572382,0,0,0,-0.0
215021398,150,2.3,0.043151969981238276,0.18894256575415996,0.00815324392560165,5.0106352940962555,-4.809339403240186,-3.1430272082366946,-1.6663121950034914,23.129745495558666,0,0,0,-0.0
215021399,240,2.5,0.0413268080478521,0.18458781362007168,0.007628425141449401,5.480638923341991,-4.8758738584696655,-3.18624388431799,-1.6896299741516752,23.774145883707863,0,0,0,-0.0
215021469,260,2.3,0.0609360076408787,0.24957008931047872,0.01520780486915811,5.560681631015528,-4.185946504680658,-2.7979310205197927,-1.3880154841608654,17.522148140048216,0,0,0,-0.0
215021470,300,2.5,0.07040472175379427,0.24658703071672355,0.01736089128570524,5.703782474656201,-4.053535229725386,-2.653494947700861,-1.4000402820245257,16.43114785862484,0,0,0,-0.0
215031400,158,2.2,0.0547112462006079,0.1626778783958603,0.008900309456308465,5.062595033026967,-4.72166923247678,-2.9056859928692074,-1.8159832396075735,22.29416034091787,0,0,0,-0.0
215031401,180,2.2,0.03944174757281554,0.14659919630897456,0.005782128495196205,5.19295685089021,-5.1529834123218405,-3.2329304405737798,-1.920052971748061,26.55323804766404,0,0,0,-0.0
215031402,200,2.1,0.043259557344064385,0.1366161616161616,0.005909954677560311,5.298317366548036,-5.131117116365056,-3.1405370909630115,-1.9905800254020447,26.328362861854448,0,0,0,-0.0
215031403,220,2.9,0.03633217993079585,0.5032085561497326,0.01828266380474807,5.393627546352362,-4.001802001212207,-3.3150514309489543,-0.6867505702632527,16.014419256906024,0,0,1,-4.001802001212207
215031404,235,2.3,0.06751054852320675,0.1983729662077597,0.013392267760861413,5.459585514144159,-4.31307777134429,-2.69547141889535,-1.6176063524489392,18.602639861664223,0,0,0,-0.0
215031405,180,2.5,0.040880503144654086,0.21429674231897483,0.008760558648259977,5.19295685089021,-4.737495603434807,-3.19710202531864,-1.5403935781161673,22.443864592564125,0,0,0,-0.0
216011406,285,2.3,0.06520704426463589,0.14556152468662062,0.00949163678346836,5.652489180268651,-4.657344206683499,-2.7301877750168755,-1.9271564316666239,21.69085505952835,0,0,0,-0.0
216011407,210,2.4,0.04746632456703015,0.14405179390342596,0.006837609203882951,5.3471075307174685,-4.9853171400441445,-3.047734775853607,-1.9375823641905374,24.853386986817927,0,0,0,-0.0
216011408,200,2.6,0.04614093959731544,0.15889992360580596,0.0073317917771135305,5.298317366548036,-4.915535348601406,-3.076054662392824,-1.839480686208582,24.162487763349944,0,0,0,-0.0
216011409,213,2.3,0.049476688867745006,0.13769920318725098,0.006812900633432018,5.3612921657094255,-4.988937312144754,-3.006253652295524,-1.9826836598492303,24.889495504510126,0,0,0,-0.0
216011410,200,2.2,0.045871559633027525,0.20128786072024804,0.009233388106433397,5.298317366548036,-4.684929222369849,-3.0819099697950434,-1.6030192525748055,21.94856181861496,0,0,0,-0.0
216021411,250,2.2,0.057193396226415096,0.23712296983758702,0.013561867968305389,5.521460917862246,-4.300493250182609,-2.8613168378484657,-1.4391764123341437,18.49424219486618,0,0,0,-0.0
216021412,210,2.5,0.05143540669856459,0.17305663032008442,0.008901238162396687,5.3471075307174685,-4.721564892549831,-2.9674284973911393,-1.7541363951586917,22.2931750345591,0,0,0,-0.0
216021413,210,2.4,0.05125284738041002,0.1728395061728395,0.008858516831181978,5.3471075307174685,-4.7263759289219776,-2.970984103864797,-1.7553918250571803,22.338629421493085,0,0,0,-0.0
216021414,290,2.3,0.05319645356976201,0.15240734326290267,0.008107530159575783,5.66988092298052,-4.81496199982971,-2.9337635470790815,-1.8811984527506282,23.18385905980412,0,0,0,-0.0
216031415,250,2.2,0.05204918032786885,0.22004331087584217,0.011453073967718014,5.521460917862246,-4.4694971162168535,-2.9555662318286564,-1.5139308843881976,19.97640447187077,0,0,0,-0.0
216031416,270,2.5,0.08620135091669347,0.261641910879165,0.02255388617420914,5.598421958998375,-3.7918478919964667,-2.451069429547897,-1.3407784624485692,14.378110436038048,0,0,0,-0.0
216031418,236,2.7,0.09433962264150944,0.16280806572068707,0.015359251483083687,5.4638318050256105,-4.176037284020105,-2.3608540011180215,-1.8151832829020835,17.439287397526016,0,0,0,-0.0
216031419,240,2.4,0.057905009759271306,0.18896191764933307,0.010941841685615253,5.480638923341991,-4.51516115195045,-2.848951373806456,-1.6662097781439944,20.38668022808252,0,0,0,-0.0
216031593,380,2.9,0.0798004987531172,0.2014974675181678,0.016079598405439825,5.940171252720432,-4.130203990329273,-2.528225524506843,-1.6019784658224299,17.058585001731846,0,0,0,-0.0
216031594,270,2.5,0.05771919312961853,0.34019370460048426,0.01963570613731575,5.598421958998375,-3.930405628404745,-2.852165524217513,-1.0782401041872323,15.4480884037957,0,0,1,-3.930405628404745
217011420,180,2.2,0.05137449301487156,0.16412556053811658,0.00843186746342735,5.19295685089021,-4.775737005590897,-2.9686134745380985,-1.8071235310527982,22.807663946570308,0,0,0,-0.0
217011421,235,2.2,0.06132617861249521,0.14034409433597525,0.008606766996456896,5.459585514144159,-4.75520652508162,-2.7915484699029016,-1.963658055178719,22.611989096178817,0,0,0,-0.0
217011422,250,2.2,0.05616005616005616,0.16090828138913624,0.009036618119432011,5.521460917862246,-4.706470276404342,-2.8795495192640814,-1.8269207571402604,22.15086246267756,0,0,0,-0.0
217011423,170,2.3,0.050059594755661505,0.1488652594826218,0.007452134562896444,5.135798437050262,-4.899254769119668,-2.994541088183838,-1.904713680935831,24.002697292741814,0,0,0,-0.0
217031471,240,2.2,0.06206896551724138,0.146089945574334,0.009067651794269006,5.480638923341991,-4.70304194647102,-2.779509165084355,-1.9235327813866647,22.118603550265917,0,0,0,-0.0
217031472,260,2.3,0.05998763141620284,0.15271244904358733,0.009160858105892376,5.560681631015528,-4.692815425001192,-2.813616881073724,-1.8791985439274679,22.022516613129117,0,0,0,-0.0
217031473,250,2.5,0.07682851874615858,0.14711589345563592,0.011302696178214193,5.521460917862246,-4.482713981882293,-2.566179369916737,-1.9165346119655569,20.094724643363005,0,0,0,-0.0
217031474,200,2.2,0.048797736916548796,0.15217794253938832,0.007425939204538751,5.298317366548036,-4.902776110099065,-3.020071341859259,-1.8827047682398068,24.03721358575812,0,0,0,-0.0
217031475,231,2.5,0.0537525354969574,0.15710306406685237,0.008444688027934254,5.442417710521793,-4.774217671034779,-2.9233644410505137,-1.8508532299842657,22.793154370420748,0,0,0,-0.0
217031476,285,2.1,0.05400192864030858,0.27619760479041916,0.014915203344516367,5.652489180268651,-4.2053742275504415,-2.9187355174943783,-1.286638710056064,17.68517239374547,0,0,0,-0.0
217041477,200,2.5,0.06060606060606061,0.14762040467369622,0.008946691192345226,5.298317366548036,-4.716471514230267,-2.803360380906535,-1.913111133323732,22.245103544545543,0,0,0,-0.0
217041478,280,2.4,0.06221758776503302,0.1511883363291392,0.009406573584607548,5.634789603169249,-4.666346516603289,-2.7771175577107927,-1.889228958892496,21.774789813015648,0,0,0,-0.0
217041479,300,2.4,0.07736081205782835,0.1405043517072082,0.01086953074572835,5.703782474656201,-4.521791748447061,-2.5592749307641114,-1.9625168176829495,20.44660061632393,0,0,0,-0.0
217041480,287,2.2,0.10080413555427915,0.16975331783759467,0.017111836462089528,5.659482215759621,-4.067984864161589,-2.2945758968622685,-1.773408967299321,16.548500855047784,0,0,0,-0.0
